Name,Brand,SKU,MPN,base_price,MSRP,Image
"Master Bilt MSC-49AN 49""W COLDIN-3 Display Freezer",Master Bilt,MSC-49AN,MSC49-AA,944.26,,
Summit FOCUS131 12.4 Cu. Ft. Angled Top White Chest Style Ice Cream Freezer - 115 Volts,Summit,FOCUS131,FOCUS131,1493.00,,
Summit NOVA53GDC 17.8 Cu. Ft. White Stainless Steel Free Standing Ice Cream Freezer - 115 Volts,Summit,NOVA53GDC,NOVA53GDC,2699.00,,
Kelvinator KCNF073WS 7 Cu. Ft. White Ice Cream Display Freezer - 115 Volts,Kelvinator,KCNF073WS,KCNF073WS,1151.69,,
"Master Bilt MSF-71AN 71""W White Zinc-Coated Enamel Steel COLDIN-3 Display Freezer",Master Bilt,MSF-71AN,MSF-71AN,1399.00,,
"Master Bilt MSF-31AN 31""W COLDIN-3 Display Freezer",Master Bilt,MSF-31AN,MSF-31AN,695.51,,
"Master Bilt MSF-52AN 52"" White Flat Tempered Glass Sliding Lids COLDIN-3™ Display Freezer - 115V",Master Bilt,MSF-52AN,MSF-52AN,904.46,,
Summit NOVA61 21.3 Flat Top White Chest Style Ice Cream Freezer - 115 Volts,Summit,NOVA61,NOVA61,1744.00,,
Summit NOVA45 14.1 Cu. Ft. Flat Top White Chest Style Ice Cream Freezer - 115 Volts,Summit,NOVA45,NOVA45,1579.00,,
"Master Bilt MSC-41AN 41""W COLDIN-3 Display Freezer",Master Bilt,MSC-41AN,MSC41-AA,834.81,,
"Admiral Craft BDCF-19-CG 71.26"" W Hinged Lid Black Diamond Chest Freezer",Admiral Craft,BDCF-19-CG,BDCF-19-CG,1428.25,,
Kelvinator KCNF140WH 15 Cu. Ft. White Ice Cream Display Freezer - 115 Volts,Kelvinator,KCNF140WH,KCNF140WH,1880.82,,
Omcan USA 47754 9.3 Cu. Ft. Aluminum Interior Ice Cream Freezer - 110-120 Volts,Omcan USA,47754,47754,2734.04,,
"Beverage Air NC43HC-1-W 42.5""W Novelty Case",Beverage Air,NC43HC-1-W,NC43HC-1-W,2299.50,,
Kelvinator KCNF170WH 18 Cu. Ft. White Ice Cream Display Freezer - 115 Volts,Kelvinator,KCNF170WH,KCNF170WH,2093.44,,
"Beverage Air NC68HC-1-W 68.1""W Novelty Case",Beverage Air,NC68HC-1-W,NC68HC-1-W,2801.12,,
Summit NOVA45GDC 14.1 Cu. Ft. White Stainless Steel Free Standing Ice Cream Freezer - 115 Volts,Summit,NOVA45GDC,NOVA45GDC,2437.00,,
Summit NOVA35GDC 11.7 Cu. Ft. White Stainless Steel Free Standing Ice Cream Freezer - 115 Volts,Summit,NOVA35GDC,NOVA35GDC,2175.00,,
"Turbo Air TFS-11F-N 40""W Flat Lid Glass Door Top Open Island Freezer",Turbo Air,TFS-11F-N,TFS-11F-N,4332.97,,
"Master Bilt MSC-66AN 66.5""W COLDIN-3 Display Freezer",Master Bilt,MSC-66AN,MSC-66AN,1232.81,,
"Omcan USA 45293 45.7"" W White Aluminum Flat Glass Ice Cream Freezer",Omcan USA,45293,45293,2226.46,,
"Master Bilt MSF-43AN 43""W COLDIN-3 Display Freezer",Master Bilt,MSF-43AN,MSF-43AN,814.91,,
"Beverage Air NC34HC-1-W 33.81""W Novelty Case",Beverage Air,NC34HC-1-W,NC34HC-1-W,2136.89,,
"Turbo Air TFS-25F-N 69""W Flat Glass Door Top Open Island Freezer",Turbo Air,TFS-25F-N,TFS-25F-N,6755.49,,
Summit FOCUS151 14.8 Cu. Ft. Angled Top White Chest Style Ice Cream Freezer - 115 Volts,Summit,FOCUS151,FOCUS151,1612.00,,
Summit NOVA35 11.7 Cu. Ft. Flat Top White Chest Style Ice Cream Freezer - 115 Volts,Summit,NOVA35,NOVA35,1367.00,,
"Admiral Craft BDCF-15-CG 60.24"" W Hinged Lid Black Diamond Chest Freezer",Admiral Craft,BDCF-15-CG,BDCF-15-CG,1271.55,,
Summit FOCUS106 9.5 Cu. Ft. Angled Top White Chest Style Ice Cream Freezer - 115 Volts,Summit,FOCUS106,FOCUS106,1206.00,,
"Omcan USA 45292 34"" W White Aluminum Flat Glass Ice Cream Freezer",Omcan USA,45292,45292,1776.55,,
"Beverage Air NC28HC-1-W 27.88""W Novelty Case",Beverage Air,NC28HC-1-W,NC28HC-1-W,2101.74,,
"Omcan USA 45291 29"" W White Aluminum Flat Glass Ice Cream Freezer",Omcan USA,45291,45291,1615.03,,
Summit NOVA22 7.2 Cu. Ft. Flat Top White Chest Style Ice Cream Freezer - 115 Volts,Summit,NOVA22,NOVA22,1207.00,,
"Turbo Air TFS-20F-N 57.38""W Flat Lid Glass Door Top Open Island Freezer",Turbo Air,TFS-20F-N,TFS-20F-N,5915.12,,
"Master Bilt MSC-31AN 31""W COLDIN-3 Display Freezer",Master Bilt,MSC-31AN,MSC-31AA,1348.05,,
"Beverage Air NC51HC-1-W 50.38""W Novelty Case",Beverage Air,NC51HC-1-W,NC51HC-1-W,2322.17,,
"Beverage Air NC60HC-1-W 60.19""W Novelty Case",Beverage Air,NC60HC-1-W,NC60HC-1-W,2632.93,,
Summit NOVA53 16.6 Flat Top White Chest Style Ice Cream Freezer - 115 Volts,Summit,NOVA53,NOVA53,1704.00,,
Summit FOCUS171 17.1 Cu. Ft. Angled Top White Chest Style Ice Cream Freezer - 115 Volts,Summit,FOCUS171,FOCUS171,1743.00,,
"Beverage Air UCF36AHC 36""W Two-Section Stainless Steel Door Undercounter Freezer",Beverage Air,UCF36AHC,UCF36AHC,3651.28,,
"Turbo Air MUF-48-N 48.25""W Two-Section M3 Series Undercounter Freezer",Turbo Air,MUF-48-N,MUF-48-N,3746.21,,
"Turbo Air JUF-60-N 59""W Two-Section Stainless Steel Door J Series Side Mount Undercounter Freezer",Turbo Air,JUF-60-N,JUF-60-N,4687.43,,
"Beverage Air UCF32AHC 32""W One-Section Solid Door Undercounter Freezer",Beverage Air,UCF32AHC,UCF32AHC,3225.21,,
"Admiral Craft USUCFZ-27 27"" W 1 Section Solid Door Reach-In U-STAR Undercounter Freezer - 115 Volts",Admiral Craft,USUCFZ-27,USUCFZ-27,1711.19,,
"True TUC-44F-HC~SPEC3 44.5"" W Stainless Steel SPEC SERIES Deep Undercounter Freezer - 115 Volts",,TUC-44F-HC~SPEC3,TUC-44F-HC~SPEC3,6656.86,,
"Continental Refrigerator DF27N-U 27.5""W One-Section Designer Line Undercounter Freezer",Continental Refrigerator,DF27N-U,DF27N-U,4495.00,,
"Turbo Air PUF-48-D4-N 48.25""W Two-Section Undercounter Freezer",Turbo Air,PUF-48-D4-N,PUF-48-D4-N,7191.74,,
"Turbo Air TUF-28SD-D2-N 27.5""W One-Section Super Deluxe Series Undercounter Freezer",Turbo Air,TUF-28SD-D2-N,TUF-28SD-D2-N,4059.57,,
Hoshizaki UF60B-LP01 15.1 Cu. Ft. Stainless Steel Reach-In Two-Section Steelheart Series Undercounter Freezer,Hoshizaki,UF60B-LP01,UF60B-LP01,5238.00,,
"Turbo Air TUF-48SD-D2-N 48.25""W Two-Section Super Deluxe Series Undercounter Freezer",Turbo Air,TUF-48SD-D2-N,TUF-48SD-D2-N,5540.87,,
"Beverage Air WTF60AHC-FLT 60""W Two Door Stainless Steel Worktop Freezer",Beverage Air,WTF60AHC-FLT,WTF60AHC-FLT,5051.67,,
"Continental Refrigerator FA43N-U-D 43.19""W Two-Section Undercounter Freezer Base",Continental Refrigerator,CFA43-U-D,FA43N-U-D,7951.00,,
"Continental Refrigerator SWF27N-FB-D 27.5""W One-Section Stainless Steel Door Work Top Freezer",Continental Refrigerator,SWF27N-FB-D,SWF27N-FB-D,4487.00,,
"Traulsen ULT27-R Dealer's Choice Compact Undercounter Freezer Reach-In One-Section 27""",Traulsen,ULT27-R,ULT27-R,3633.53,,
"Beverage Air UCF24HC 24""W One-Section Stainless Steel Door Undercounter Freezer",Beverage Air,UCF24HC,UCF24HC,2704.54,,
"Randell 9404F-290-R 27""W One-Section Solid Reach-In Undercounter Freezer",Randell,9404F-290-R,9404F-290-R,4114.50,,
"Continental Refrigerator DF48N-U 48""W Two-Section Designer Line Undercounter Freezer",Continental Refrigerator,DF48N-U,DF48N-U,6199.00,,
"Beverage Air UCFD36AHC-2 36""W Two-Section Stainless Steel Door Undercounter Freezer",Beverage Air,UCFD36AHC-2,UCFD36AHC-2,4823.69,,
"Turbo Air JUF-36S-N 35.38""W One-Section Stainless Steel Door J Series Side Mount Undercounter Freezer",Turbo Air,JUF-36S-N,JUF-36S-N,3198.28,,
"Omcan USA 50053 27"" W Stainless Steel Solid Door 1 Section Reach-In Under Counter Freezer - 115 Volts 1-Ph",Omcan USA,50053,50053,3888.00,,
"Delfield 407-CAP 27.25""W One-Section Undercounter Freezer",Delfield,407-CAP,,3511.00,,
"Delfield GUF32P-S 32""W One-Section Solid Door Coolscapes Undercounter/Worktable Freezer",Delfield,GUF32P-S,4532NP,4434.00,,
"Migali C-U60F-HC 60.2""W Two-Section Solid Door Reach-In Competitor Series Undercounter Freezer",Migali,C-U60F-HC,C-U60F-HC,3020.00,,
"Randell 9301F-290 48""W Two-Section Solid Door Reach-In Undercounter Freezer",Randell,9301F-290,9301F-290,5956.00,,
"Continental Refrigerator SWF27N-FB 27.5""W One-Section Work Top Freezer",Continental Refrigerator,SWF27N-FB,SWF27N-FB,3248.00,,
Omcan USA 59092 15 Cu. Ft. Stainless Steel 2-Section Aurora Under Counter Freezer - 115 Volts,Omcan USA,59092,59092,5983.97,,
"Turbo Air PUF-48-N 48.25""W Two-Section Solid Door PRO Series Undercounter Freezer",Turbo Air,PUF-48-N,PUF-48-N,4580.60,,
Hoshizaki UF48B-LPD4 12 Cu. Ft. Stainless Steel Two-Section Steelheart Series Undercounter Freezer - 115 Volts,Hoshizaki,UF48B-LPD4,UF48B-LPD4,6647.00,,
"Traulsen ULT60-RR 60""W Two-Section Solid Door Reach-In Dealer's Choice Compact Undercounter Freezer",Traulsen,ULT60-RR,ULT60-RR,6351.35,,
"Summit ALFZ37BSSHV 19.88"" W Stainless Steel Undercounter All-Freezer",Summit,ALFZ37BSSHV,ALFZ37BSSHV,1124.00,,
Traulsen CLUC-27F-SD-L 6.5 Cu. Ft. Stainless Steel Reach-In Solid Door Centerline Compact Undercounter Freezer - 115 Volts,Traulsen,CLUC-27F-SD-L,CLUC-27F-SD-L,2840.00,,
"Summit ALFZ37B 19.75"" W Undercounter All-Freezer",Summit,ALFZ37B,ALFZ37B,704.00,,
"True TUC-27F-HC 27.63""W One-Section Solid Door Reach-In Undercounter Freezer",,TUC-27F-HC,TUC-27F-HC,2702.88,,
"Turbo Air PUF-28-N(-L) 27.5""W One-Section Solid Door Undercounter Freezer",Turbo Air,PUF-28-N,PUF-28-N(-L),3806.71,,
"Beverage Air UCFD48AHC-4 48""W Two-Section Stainless Steel Door Undercounter Freezer",Beverage Air,UCFD48AHC-4,UCFD48AHC-4,6686.95,,
"Beverage Air UCF20HC 20"" W One-Section Stainless Steel Door Undercounter Freezer",Beverage Air,UCF20HC,UCF20HC,2653.29,,
"Continental Refrigerator FA68SN-U-D 68.19"" W Stainless Steel Undercounter Shallow Depth Freezer Base - 115 Volts",Continental Refrigerator,FA68SN-U-D,FA68SN-U-D,9979.00,,
"Everest Refrigeration ETF2 47.5""W Two-Section Solid Door Undercounter/ Worktop Freezer",Everest Refrigeration,ETF2,ETF2,3346.00,,
"Beverage Air UCF20HC-25-15 20""W One-Section Glass Door Undercounter Ice Cream Freezer",Beverage Air,UCF20HC-25-15,UCF20HC-25-15,3053.08,,
"Everest Refrigeration ETBF2 47.5""W Two-Section Solid Door Undercounter/Worktable Freezer",Everest Refrigeration,ETBF2,ETBF2,3067.00,,
Omcan USA 59053 6.3 Cu. Ft. Stainless Steel 2-Section Aurora Under Counter Freezer - 115 Volts,Omcan USA,59053,59053,3719.34,,
"Victory VWF60HC 60""W Two Door Stainless Steel Worktop Freezer Counter With 4"" High Foamed In Place Backsplash",Victory,VWF60HC,VWF60HC,7264.45,,
Atosa MGF8412GR 7.2 Cu. Ft. Solid Door Reach-In Freezer Counter or Work Top - 115 Volts,"Atosa USA, Inc.",MGF8412GR,MGF8412GR,1647.00,,
"Beverage Air WTFD48AHC-2-FIP 48""W Two Drawer Stainless Steel Worktop Freezer With 4"" Removable Backsplash",Beverage Air,WTFD48AHC-2-FIP,WTFD48AHC-2-FIP,5354.55,,
Beverage Air WTFCS52HC-60 9.58 Cu. Ft. Stainless Steel 1-Section Worktop Cook Stand Freezer - 115 Volts,Beverage Air,WTFCS52HC-60,WTFCS52HC-60,8462.16,,
Hoshizaki WF48A 13.66 Cu. Ft. Stainless Steel Two-Section Solid Doors Reach-In Steelheart Series Worktop Freezer - 115 Volts,Hoshizaki,WF48A,WF48A,2463.91,,
"Beverage Air WTFD32AHC-2-FLT 32""W Two Drawer Stainless Steel Worktop Freezer",Beverage Air,WTFD32AHC-2-FLT,WTFD32AHC-2-FLT,4706.75,,
"Beverage Air WTF36AHC-FLT 36""W Two Door Stainless Steel Worktop Freezer",Beverage Air,WTF36AHC-FLT,WTF36AHC-FLT,3744.90,,
"Beverage Air WTFD60AHC-4-FLT 60""W Four Drawer Stainless Steel Worktop Freezer",Beverage Air,WTFD60AHC-4-FLT,WTFD60AHC-4-FLT,6266.79,,
"Beverage Air WTFD36AHC-2 36""W Two Drawer Stainless Steel Worktop Freezer With 4"" Removable Backsplash",Beverage Air,WTFD36AHC-2,WTFD36AHC-2,4977.10,,
"Continental Refrigerator FA68NBS-D 68""W Four Drawer and One Door Stainless Steel Freezer Base Worktop Unit With 6""H Backsplash",Continental Refrigerator,CFA68-BS-D,FA68NBS-D,10397.00,,
"Continental Refrigerator DFA43NSS 43""W Two Door Stainless Steel Designer Line Freezer Base Worktop Unit",Continental Refrigerator,DLFA43-SS,DFA43NSS,7997.00,,
Koolmore FWT-2D-12C 12 Cu. Ft. Stainless Steel 2 Doors Freezer Worktop,,FWT-2D-12C,FWT-2D-12C,1822.81,,
Victory VWFD60HC-2 14.36 Cu. Ft. Two Section Stainless Steel Worktop Freezer Counter - 115 Volts 1-Ph,Victory,VWFD60HC-2,VWFD60HC-2,9311.33,,
"Turbo Air TWF-48SD-D4-N 48.25""W Two-Section Super Deluxe Worktop Freezer",Turbo Air,TWF-48SD-D4-N,TWF-48SD-D4-N,6836.92,,
"Continental Refrigerator SWF27NBS-FB-D 27.5""W Two Drawer Stainless Steel Work Top Freezer With 5 1/2"" Backsplash",Continental Refrigerator,SWF27NBS-FB-D,SWF27NBS-FB-D,4603.00,,
Victory VWFD48HC-2 11.04 Cu. Ft. Two Section Stainless Steel Worktop Freezer Counter - 115 Volts 1-Ph,Victory,VWFD48HC-2,VWFD48HC-2,6510.54,,
"Randell 9302F-290 48""W Two-Section Solid Door Freezer Counter/Work Top",Randell,9302F-290,9302F-290,6132.00,,
"Beverage Air WTF60AHC-FIP 60""W Two Door Stainless Steel Worktop Freezer With 4"" Foamed-In Place Backsplash",Beverage Air,WTF60AHC-FIP,WTF60AHC-FIP,5051.67,,
"Continental Refrigerator FA43NBS-D 43""W Two Drawer and One Door Stainless Steel Frreezer Base Worktop Unit With 6""H Backsplash",Continental Refrigerator,CFA43-BS-D,FA43NBS-D,8311.00,,
"Continental Refrigerator DFA60NSS 60""W Three Door Stainless Steel Designer Line Freezer Base Worktop Unit",Continental Refrigerator,DLFA60-SS,DFA60NSS,8948.00,,
"Admiral Craft USWF-2D 47.25"" W 2 Door Stainless Steel U-STAR Freezer Work Top Counter with Aluminum Backsplash - 115 Volts",Admiral Craft,USWF-2D,USWF-2D,2050.85,,
"Continental Refrigerator SWF27NBS-FB 27.5""W One Door Stainless Steel Work Top Freezer With 5 1/2""H Backsplash",Continental Refrigerator,SWF27NBS-FB,SWF27NBS-FB,3364.00,,
"Traulsen CLUC-27F-SD-WTR 27.5"" W Stainless Steel Centerline Compact Undercounter Freezer with Work Top - 115 Volts",Traulsen,CLUC-27F-SD-WTR,CLUC-27F-SD-WTR,2851.00,,
"Beverage Air WTFD60AHC-2 60""W Two Drawer and One Door Stainless Steel Worktop Freezer With 4"" Removable Backsplash",Beverage Air,WTFD60AHC-2,WTFD60AHC-2,6144.26,,
"Beverage Air WTF32AHC-FIP 32""W One Door Stainless Steel Worktop Freezer With Foamed-In Place Backsplash",Beverage Air,WTF32AHC-FIP,WTF32AHC-FIP,3593.13,,
"Continental Refrigerator FA43SN-D 43"" W Stainless Steel Freezer Base Shallow Depth Worktop Unit - 115 Volts",Continental Refrigerator,FA43SN-D,FA43SN-D,7951.00,,
"Beverage Air WTF36AHC 36""W Two Door Stainless Steel Worktop Freezer With 4"" Removable Backsplash",Beverage Air,WTF36AHC,WTF36AHC,3744.90,,
"Beverage Air WTF27HC-FIP 27""W One Door Stainless Steel Worktop Freezer With 4"" Foamed-In Place Backsplash",Beverage Air,WTF27HC-FIP,WTF27HC-FIP,2907.88,,
"Beverage Air WTF60AHC 60""W Two Door Stainless Steel Worktop Freezer With 4"" Removable Backsplash",Beverage Air,WTF60AHC,WTF60AHC,5051.67,,
"Randell 9802F-290 36""W Two-Section Solid Door Freezer Counter/Work Top",Randell,9802F-290,9802F-290,6274.00,,
"Turbo Air TWF-28SD-N 27.5""W One-Section Stainless Steel Door Super Deluxe Worktop Freezer",Turbo Air,TWF-28SD-N,TWF-28SD-N,2657.83,,
True TWT-60-32-HC~SPEC3 Stainless Steel 2 Section 2 Doors SPEC SERIES Deep Work Top Refrigerator - 115 Volts 0.1 HP,,TWT-60-32-HC~SPEC3,TWT-60-32-HC~SPEC3,4374.95,,
"Hoshizaki WLF60B 60"" W Stainless Steel Interior Two-Section Steelheart Series Worktop Freezer – 115 Volts",Hoshizaki,WLF60B,WLF60B,6844.20,,
Universal Coolers SC-48-LBFI 12 Cu. Ft. Stainless Steel Self Closing Door Work Top Freezer - 115 Volts,Universal Coolers,SC-48-LBFI,SC-48-LBFI,1829.00,,
"Beverage Air WTFD27AHC-2-FIP 27""W Two Drawer Stainless Steel Worktop Freezer With 4"" Foamed-In Place Backsplash",Beverage Air,WTFD27AHC-2-FIP,WTFD27AHC-2-FIP,4129.25,,
"Beverage Air WTF27AHC-FIP 27""W One Door Stainless Steel Worktop Freezer With 4"" Foamed-In Place Backsplash",Beverage Air,WTF27AHC-FIP,WTF27AHC-FIP,2907.88,,
Turbo Air PWF-60-N 15.5 Cu. Ft. Stainless Steel 2 Hinged Solid Doors with Locks PRO Series Worktop Freezer - 115 Volts,Turbo Air,PWF-60-N,PWF-60-N,6669.22,,
"Continental Refrigerator FA68SN-D 68"" W Stainless Steel Freezer Base Shallow Depth Worktop Unit - 115 Volts",Continental Refrigerator,FA68SN-D,FA68SN-D,9979.00,,
"Continental Refrigerator SWF48NBS-FB 48""W Two Door Stainless Steel Work Top Freezer With 5 1/2"" Backsplash",Continental Refrigerator,SWF48NBS-FB,SWF48NBS-FB,4863.00,,
"Traulsen CLUC-60F-SD-WTLL 60.25"" W Stainless Steel Centerline Compact Undercounter Freezer with Work Top - 115 Volts",Traulsen,CLUC-60F-SD-WTLL,CLUC-60F-SD-WTLL,5225.00,,
"Continental Refrigerator FA60N-D 60""W Two Drawer and One Door Stainless Steel Freezer Base Worktop Unit",Continental Refrigerator,CFA60-D,FA60N-D,9333.00,,
"Beverage Air WTFD36AHC-2-FIP 36""W Two Drawer Stainless Steel Worktop Freezer With 4"" Foamed-In Place Backsplash",Beverage Air,WTFD36AHC-2-FIP,WTFD36AHC-2-FIP,4977.10,,
"True TWT-60-32F-HC~SPEC3 60.25"" W Stainless Steel 2 Section Doors SPEC SERIES Deep Work Top Freezer",,TWT-60-32F-HC~SPEC3,TWT-60-32F-HC~SPEC3,6846.95,,
Turbo Air PWF-48-N 12.8 Cu. Ft. Stainless Steel 2 Hinged Solid Doors with Locks PRO Series Worktop Freezer - 115 Volts,Turbo Air,PWF-48-N,PWF-48-N,5054.95,,
Beverage Air WTFCS60HC-64 11.55 Cu. Ft. Stainless Steel 1-Section Worktop Cook Stand Freezer - 115 Volts,Beverage Air,WTFCS60HC-64,WTFCS60HC-64,8681.60,,
"Traulsen CLUC-72F-SD-WTLLL 72.25"" W Stainless Steel Centerline Compact Undercounter Freezer with Work Top - 115 Volts",Traulsen,CLUC-72F-SD-WTLLL,CLUC-72F-SD-WTLLL,6009.00,,
Atosa MGF8413GR 13.4 Cu. Ft. Solid Door Reach-In Freezer Counter or Work Top - 115 Volts,"Atosa USA, Inc.",MGF8413GR,MGF8413GR,2399.00,,
"Beverage Air WTF32AHC 32""W One Door Stainless Steel Worktop Freezer With 4"" Removable Backsplash",Beverage Air,WTF32AHC,WTF32AHC,3593.13,,
Migali C-U60R-D-HC 17.9 Cu. Ft. Stainless Steel Four-Section Undercounter Work Top Freezer - 115 Volts,Migali,C-U60R-D-HC,C-U60R-D-HC,2480.00,,
"Hoshizaki WF27A 27"" W One-Section One Door Reach-In Steelheart Series Worktop Freezer",Hoshizaki,WF27A,WF27B,3007.42,,
"Hoshizaki WF48A-01 48"" W Two-Section Two Door Reach-In Steelheart Series Worktop Freezer",Hoshizaki,WF48A-01,WF48B-01,4565.48,,
"Traulsen CLUC-60F-DW-WT 60.25"" W Stainless Steel Centerline Compact Undercounter Freezer with Work Top - 115 Volts",Traulsen,CLUC-60F-DW-WT,CLUC-60F-DW-WT,6450.00,,
"Beverage Air WTFD48AHC-2 48""W Two Drawer and One Door Stainless Steel Worktop Freezer With 4"" Removable Backsplash",Beverage Air,WTFD48AHC-2,WTFD48AHC-2,5354.55,,
"Randell 9402F-290 27""W One Door Stainless Steel Freezer Counter/Work Top",Randell,9402F-290,9402F-290,4395.00,,
"Beverage Air WTFD60AHC-2-FLT 60""W Two Drawer and One Door Stainless Steel Worktop Freezer",Beverage Air,WTFD60AHC-2-FLT,WTFD60AHC-2-FLT,6144.26,,
"Continental Refrigerator SWF32NBS-FB 32""W One Door Stainless Steel Work Top Freezer With 5 1/2""H Backsplash",Continental Refrigerator,SWF32NBS-FB,SWF32NBS-FB,4088.00,,
"Continental Refrigerator SWF27NGD-FB 27.5""W One Door Stainless Steel Work Top Display Freezer",Continental Refrigerator,SWF27NGD-FB,SWF27NGD-FB,4240.00,,
"Infrico USA IUC-MR67BT 67.38""W Two Door Stainless Steel Worktop Freezer",Infrico USA,IUC-MR67BT,IUC-MR67BT,7258.13,,
"Continental Refrigerator SWF60NBS-FB-D 60""W Four Drawer Stainless Steel Work Top Freezer With 5 1/2""H Backsplash",Continental Refrigerator,SWF60NBS-FB-D,SWF60NBS-FB-D,8493.00,,
"Continental Refrigerator SWF27NBS 27.5""W One Door Work Top Freezer With 5 1/2""H Backsplash",Continental Refrigerator,SWF27NBS,SWF27NBS,3359.00,,
Hoshizaki WLF67B 67” W Stainless Steel Interior Two-Section Steelheart Series Worktop Freezer – 115 Volts,Hoshizaki,WLF67B,WLF67B,7367.58,,
"Continental Refrigerator SWF32NBS 32""W One Door Stainless Steel Work Top Freezer With 5 1/2""H Backsplash",Continental Refrigerator,SWF32NBS,SWF32NBS,4013.00,,
"Continental Refrigerator FA60SN 60"" W Stainless Steel Freezer Base Shallow Depth Worktop Unit - 115 Volts",Continental Refrigerator,FA60SN,FA60SN,6710.00,,
"True TWT-60-32F-HC 60.25"" W Aluminum and Stainless Steel Two-Section with Rear Splash Counter Height Deep Work Top Freezer - 115 Volts",,TWT-60-32F-HC,TWT-60-32F-HC,6148.26,,
"Traulsen CLUC-60F-SD-WTLR 60.25"" W Stainless Steel Centerline Compact Undercounter Freezer with Work Top - 115 Volts",Traulsen,CLUC-60F-SD-WTLR,CLUC-60F-SD-WTLR,5225.00,,
"Randell 9205F-290 60""W Two-Section Solid Door Freezer Counter/Work Top",Randell,9205F-290,9205F-290,8205.50,,
"Beverage Air WTF27HC 27""W One Door Stainless Steel Worktop Freezer With 4"" Removable Backsplash",Beverage Air,WTF27HC,WTF27HC,2907.88,,
"Randell 65348-290 48""W Two Door Stainless Steel Freezer Counter/Work Top",Randell,65348-290,65348-290,9010.00,,
"Continental Refrigerator DFA68NSSBS 68""W Three Door Stainless Steel Designer Line Freezer Base Worktop Unit",Continental Refrigerator,DLFA68-SS-BS,DFA68NSSBS,10309.00,,
Infrico USA IUC-UC60FW 17 Cu. Ft. Stainless Steel Worktop Freezer - 115 Volts,Infrico USA,IUC-UC60FW,IUC-UC60FW,,,
"Continental Refrigerator FA60NBS 60""W Three Door Stainless Steel Freezer Base Worktop Unit With 6""H Backsplash",Continental Refrigerator,CFA60-BS,FA60NBS,7011.00,,
"Continental Refrigerator FA43N 43""W Two Door Stainless Steel Freezer Base Worktop Unit",Continental Refrigerator,CFA43,FA43N,6521.00,,
"Continental Refrigerator DFA60NSS-D 60""W Two Drawer and Two Door Designer Line Freezer Base Worktop Unit",Continental Refrigerator,DLFA60-SS-D,DFA60NSS-D,11571.00,,
Beverage Air WTFCS84HC-96 17.46 Cu. Ft. Stainless Steel 2-Section Worktop Cook Stand Freezer - 115 Volts,Beverage Air,WTFCS84HC-96,WTFCS84HC-96,10987.01,,
Turbo Air TWF-60SD-D4-N 17 Cu. Ft. Stainless Steel 4 Drawers Super Deluxe Worktop Freezer - 115 Volts,Turbo Air,TWF-60SD-D4-N,TWF-60SD-D4-N,8934.12,,
True TWT-60-32D-2-HC~SPEC3 Stainless Steel 2 Section 1 Door 2 Drawers SPEC SERIES Deep Work Top Refrigerator - 115 Volts 0.1 HP,,TWT-60-32D-2-HC~SPEC3,TWT-60-32D-2-HC~SPEC3,5788.04,,
"Hoshizaki WF27A-01 27"" W One-Section One Door Reach-In Steelheart Series Worktop Freezer",Hoshizaki,WF27A-01,WF27B-01,3140.28,,
"Traulsen CLUC-27F-DW-WT 27.5"" W Stainless Steel Centerline Compact Undercounter Freezer with Work Top - 115 Volts",Traulsen,CLUC-27F-DW-WT,CLUC-27F-DW-WT,4108.00,,
"Beverage Air WTFD48AHC-4-FLT 48""W Four Drawer Stainless Steel Worktop Freezer",Beverage Air,WTFD48AHC-4-FLT,WTFD48AHC-4-FLT,5548.37,,
"Victory VWF27HC 27""W One Door Stainless Steel Worktop Freezer Counter",Victory,VWF27HC,VWF27HC,3642.08,,
"Continental Refrigerator FA60N 60""W Three Door Stainless Steel Freezer Base Worktop Unit",Continental Refrigerator,CFA60,FA60N,6710.00,,
"Hoshizaki WF48A-D4 48"" W Two-Section Four Drawer Reach-In Steelheart Series Worktop Freezer",Hoshizaki,WF48A-D4,WF48B-D4,6844.20,,
"Beverage Air WTF48AHC 48""W Two Door Stainless Steel Worktop Freezer With 4"" Removable Backsplash",Beverage Air,WTF48AHC,WTF48AHC,4281.67,,
True TWT-44-HC~SPEC3 Stainless Steel and Aluminum 1 Section 1 Door SPEC SERIES Deep Work Top Refrigerator - 115 Volts 0.1 HP,,TWT-44-HC~SPEC3,TWT-44-HC~SPEC3,4271.60,,
"True TWT-44F-HC~SPEC3 44.5"" W Stainless Steel 1 Section Door SPEC SERIES Deep Work Top Freezer",,TWT-44F-HC~SPEC3,TWT-44F-HC~SPEC3,6768.98,,
"Continental Refrigerator FA43NBS 43""W Two Door Stainless Steel Freezer Base Worktop Unit With 6""H Backsplash",Continental Refrigerator,CFA43-BS,FA43NBS,6840.00,,
"Traulsen CLUC-72F-SD-WTLRR 72.25"" W Stainless Steel Centerline Compact Undercounter Freezer with Work Top - 115 Volts",Traulsen,CLUC-72F-SD-WTLRR,CLUC-72F-SD-WTLRR,6009.00,,
"Beverage Air WTFD60AHC-4 60""W Four Drawer Stainless Steel Worktop Freezer With 4"" Removable Backsplash",Beverage Air,WTFD60AHC-4,WTFD60AHC-4,6266.79,,
Victory VWF32HC 7.22 Cu. Ft. Stainless Steel One-Section Worktop Freezer Counter - 115 Volts,Victory,VWF32HC,VWF32HC,4457.75,,
"Continental Refrigerator SWF32NBS-FB-D 32""W Two Drawer Stainless Steel Work To[ Freezer With 5 1/2""H Backsplash",Continental Refrigerator,SWF32NBS-FB-D,SWF32NBS-FB-D,5327.00,,
"Traulsen CLUC-48F-SD-WTLR 48.25"" W Stainless Steel Centerline Compact Undercounter Freezer with Work Top - 115 Volts",Traulsen,CLUC-48F-SD-WTLR,CLUC-48F-SD-WTLR,4215.00,,
"Continental Refrigerator SWF32NBS-D 32""W Two Drawer Stainless Steel Work Top Freezer With 5 1/2""H Backsplash",Continental Refrigerator,SWF32NBS-D,SWF32NBS-D,5251.00,,
"Hoshizaki WF27A-D2 27"" W One-Section Two Drawer Reach-In Steelheart Series Worktop Freezer",Hoshizaki,WF27A-D2,WF27B-D2,4549.38,,
"Beverage Air WTFD27AHC-2-FLT 27""W Two Drawer Stainless Steel Worktop Freezer",Beverage Air,WTFD27AHC-2-FLT,WTFD27AHC-2-FLT,4129.25,,
"Continental Refrigerator FA60SN-D 60"" W Stainless Steel Freezer Base Shallow Depth Worktop Unit - 115 Volts",Continental Refrigerator,FA60SN-D,FA60SN-D,9333.00,,
"Continental Refrigerator SWF60NBS 60""W Two Door Stainless Steel Work Top Freezer With 5 1/2""H Backsplash",Continental Refrigerator,SWF60NBS,SWF60NBS,5897.00,,
"Beverage Air WTFD48AHC-4-FIP 48""W Four Drawer Stainless Steel Worktop Freezer With 4"" Foamed-In Place Backsplash",Beverage Air,WTFD48AHC-4-FIP,WTFD48AHC-4-FIP,5548.37,,
"Traulsen CLUC-36F-SD-WTRR 36.25"" W Stainless Steel Centerline Compact Undercounter Freezer with Work Top - 115 Volts",Traulsen,CLUC-36F-SD-WTRR,CLUC-36F-SD-WTRR,3730.00,,
"Beverage Air WTF27AHC-FLT 27""W One Door Stainless Steel Worktop Freezer",Beverage Air,WTF27AHC-FLT,WTF27AHC-FLT,2907.88,,
"Continental Refrigerator SWF48NBS 48""W Two Door Stainless Steel Work Top Freezer With 5 1/2""H Backsplash",Continental Refrigerator,SWF48NBS,SWF48NBS,4765.00,,
"Traulsen CLUC-60F-SD-WTRR 60.25"" W Stainless Steel Centerline Compact Undercounter Freezer with Work Top - 115 Volts",Traulsen,CLUC-60F-SD-WTRR,CLUC-60F-SD-WTRR,5225.00,,
"Victory VWF36HC 36""W One Door Stainless Steel Worktop Freezer Counter",Victory,VWF36HC,VWF36HC,5494.16,,
"Beverage Air WTF67AHC 67""W Two Door Stainless Steel Worktop Freezer With 4"" Built-In Backsplash",Beverage Air,WTF67AHC,WTF67AHC,6689.25,,
Victory VWFD32HC-2 7.22 Cu. Ft. Stainless Steel One-Section Worktop Freezer Counter - 115 Volts,Victory,VWFD32HC-2,VWFD32HC-2,5839.09,,
"Beverage Air WTFD32AHC-2-FIP 32""W Two Drawer Stainless Steel Worktop Freezer With Foamed-In Place Backsplash",Beverage Air,WTFD32AHC-2-FIP,WTFD32AHC-2-FIP,4706.75,,
Turbo Air PWF-60-D4-N 17.2 Cu. Ft. Stainless Steel 4 Drawers PRO Series Worktop Freezer - 115 Volts,Turbo Air,PWF-60-D4-N,PWF-60-D4-N,9104.81,,
"Victory VWFD27HC-2 27""W Two Drawer Stainless Steel Worktop Freezer Counter With 4"" High Foamed In Place Backsplash",Victory,VWFD27HC-2,VWFD27HC-2,4780.66,,
"Traulsen CLUC-36F-SD-WTLL 36.25"" W Stainless Steel Centerline Compact Undercounter Freezer with Work Top - 115 Volts",Traulsen,CLUC-36F-SD-WTLL,CLUC-36F-SD-WTLL,3730.00,,
"Atosa USA, Inc. MGF8414GR 17.2 Cu. Ft. Stainless Steel Two-Section Solid Doors Reach-In Freezer Counter or Work Top - 115 Volts","Atosa USA, Inc.",MGF8414GR,MGF8414GR,3216.00,,
"True TWT-67F-HC 67.25"" W Aluminum and Stainless Steel Two-Section with Rear Splash Counter Height Deep Work Top Freezer - 115 Volts",,TWT-67F-HC,TWT-67F-HC,6342.27,,
"Beverage Air WTFR48AHC 48"" W Two Doors Stainless Steel Worktop Freezer or Refrigerator - 115 Volts",Beverage Air,WTFR48AHC,WTFR48AHC,5698.82,,
"Continental Refrigerator SWF60NBS-FB 60""W Two Door Stainless Steel Work Top Freezer With 5 1/2"" Backsplash",Continental Refrigerator,SWF60NBS-FB,SWF60NBS-FB,6016.00,,
"Continental Refrigerator FA43SN 43"" W Stainless Steel Freezer Base Shallow Depth Worktop Unit - 115 Volts",Continental Refrigerator,FA43SN,FA43SN,6521.00,,
"Continental Refrigerator DFA68NSSBS-D 62"" W Stainless Steel Three-Section Designer Line Freezer Base Worktop Unit - 115 Volts",Continental Refrigerator,DFA68NSSBS-D,DFA68NSSBS-D,13164.00,,
"Continental Refrigerator FA68SN 68"" W Stainless Steel Freezer Base Shallow Depth Worktop Unit - 115 Volts",Continental Refrigerator,FA68SN,FA68SN,7122.00,,
Turbo Air PWF-48-D2R(L)-N 12.8 Cu. Ft. Stainless Steel 1 Hinged Solid Door and 2 Drawers PRO Series Worktop Freezer - 115 Volts,Turbo Air,PWF-48-D2R(L)-N,PWF-48-D2R(L)-N,6740.55,,
Hoshizaki WF48B 13.66 Cu. Ft. Stainless Steel Two-Section Solid Doors Reach-In Steelheart Series Worktop Freezer - 115 Volts,Hoshizaki,WF48B,WF48B,4380.29,,
Hoshizaki WLF46B 46” W Stainless Steel Interior One-Section Steelheart Series Worktop Freezer – 115 Volts,Hoshizaki,WLF46B,WLF46B,6441.60,,
"Beverage Air WTFD36AHC-2-FLT 36""W Two Drawer Stainless Steel Worktop Freezer",Beverage Air,WTFD36AHC-2-FLT,WTFD36AHC-2-FLT,4977.10,,
True TWT-72-HC~SPEC3 Stainless Steel 3 Section 3 Doors SPEC SERIES Work Top Refrigerator - 115 Volts 0.25 HP,,TWT-72-HC~SPEC3,TWT-72-HC~SPEC3,5603.69,,
Beverage Air WTFCS96HC-108 20.42 Cu. Ft. Stainless Steel 2-Section Worktop Cook Stand Freezer - 115 Volts,Beverage Air,WTFCS96HC-108,WTFCS96HC-108,12720.51,,
"Turbo Air TWF-60SD-N 60.25""W Two-Section Stainless Steel Door Super Deluxe Worktop Freezer",Turbo Air,TWF-60SD-N,TWF-60SD-N,5267.10,,
"Continental Refrigerator DFA43NSS-D 43""W Two Drawer and One Door Stainless Steel Designer Line Freezer Base Worktop Unit",Continental Refrigerator,DLFA43-SS-D,DFA43NSS-D,9425.00,,
"Beverage Air WTF24AHC 24""W One Door Stainless Steel Worktop Freezer With 4"" Removable Backsplash",Beverage Air,WTF24AHC,WTF24AHC,2769.91,,
"Universal Coolers SC-27-LBFI 27"" W One-Section Work Top Freezer",Universal Coolers,SC-27-LBFI,SC-27-LBFI,1295.00,,
"Beverage Air WTF27HC-FLT 27""W One Door Stainless Steel Worktop Freezer",Beverage Air,WTF27HC-FLT,WTF27HC-FLT,2907.88,,
"Beverage Air WTF36AHC-FIP 36""W Two Door Stainless Steel Worktop Freezer With 4"" Foamed-In Place Backsplash",Beverage Air,WTF36AHC-FIP,WTF36AHC-FIP,3744.90,,
Turbo Air TWF-48SD-D2R-N 12 Cu. Ft. Stainless Steel 1 Right Hinged Door and 2 Drawers Super Deluxe Worktop Freezer - 115 Volts,Turbo Air,TWF-48SD-D2R-N,TWF-48SD-D2R-N,6179.93,,
"Hoshizaki WF60A-01 60"" W Two-Section Two Door Reach-In Steelheart Series Worktop Freezer",Hoshizaki,WF60A-01,WF60B-01,5576.01,,
"Continental Refrigerator FA68N 68""W Three Door Stainless Steel Freezer Base Worktop Unit",Continental Refrigerator,CFA68,FA68N,7122.00,,
Victory VWFD48HC-4 11.04 Cu. Ft. Two Section Stainless Steel Worktop Freezer Counter - 115 Volts 1-Ph,Victory,VWFD48HC-4,VWFD48HC-4,7829.47,,
Atosa MGF8428GR 7.15 Cu. Ft. Stainless Steel Reach-In with Backsplash Atosa Worktop Freezer - 115 Volts,"Atosa USA, Inc.",MGF8428GR,MGF8428GR,2489.00,,
"Beverage Air WTFD27AHC-2 27""W Two Drawer Stainless Steel Worktop Freezer With 4"" Removable Backsplash",Beverage Air,WTFD27AHC-2,WTFD27AHC-2,4129.25,,
Victory VWF67HC 20.08 Cu. Ft. Two Section Stainless Steel Worktop Freezer Counter - 115 Volts 1-Ph,Victory,VWF67HC,VWF67HC,8385.95,,
"Continental Refrigerator DFA60NSSBS 60""W Three Door Stainless Steel Designer Line Freezer Base Worktop Unit With 5 1/2"" Backsplash",Continental Refrigerator,DLFA60-SS-BS,DFA60NSSBS,9592.00,,
"Beverage Air WTFD60AHC-4-FIP 60""W Four Drawer Stainless Steel Woktop Freezer With 4"" Foamed-In Place Backsplash",Beverage Air,WTFD60AHC-4-FIP,WTFD60AHC-4-FIP,6266.79,,
"Continental Refrigerator FA43SNBS-D 43"" W Stainless Steel Freezer Base Shallow Depth Worktop Unit - 115 Volts",Continental Refrigerator,FA43SNBS-D,FA43SNBS-D,8311.00,,
"Continental Refrigerator SWF36NBS 36""W Two Door Stainless Steel Work Top Freezer With 5 1/2""H Backsplash",Continental Refrigerator,SWF36NBS,SWF36NBS,4360.00,,
Turbo Air TWF-60SD-D2R-N 17 Cu. Ft. Stainless Steel 1 Right Hinged Door and 2 Drawers Super Deluxe Worktop Freezer - 115 Volts,Turbo Air,TWF-60SD-D2R-N,TWF-60SD-D2R-N,6572.48,,
"Continental Refrigerator FA68SNBS 68"" W Stainless Steel Freezer Base Shallow Depth Worktop Unit - 115 Volts",Continental Refrigerator,FA68SNBS,FA68SNBS,7541.00,,
"True TWT-60F-HC 60.38""W Two-Section Stainless Steel Door Work Top Freezer",,TWT-60F-HC,TWT-60F-HC,5632.10,,
"True TWT-67F-HC~SPEC3 67.25"" W Stainless Steel 2 Section Doors SPEC SERIES Deep Work Top Freezer",,TWT-67F-HC~SPEC3,TWT-67F-HC~SPEC3,7043.07,,
"Hoshizaki WF60A 60"" W Two-Section Two Door Reach-In Steelheart Series Worktop Freezer",Hoshizaki,WF60A,WF60B,5278.09,,
"Continental Refrigerator FA43SNBS 43"" W Stainless Steel Freezer Base Shallow Depth Worktop Unit - 115 Volts",Continental Refrigerator,FA43SNBS,FA43SNBS,6840.00,,
"Traulsen CLUC-27F-SD-WTL 27.5"" W Stainless Steel Centerline Compact Undercounter Freezer with Work Top - 115 Volts",Traulsen,CLUC-27F-SD-WTL,CLUC-27F-SD-WTL,2851.00,,
Victory VWFD60HC-4 14.36 Cu. Ft. Two Section Stainless Steel Worktop Freezer Counter - 115 Volts 1-Ph,Victory,VWFD60HC-4,VWFD60HC-4,9806.05,,
"Beverage Air WTF20HC 20""W One Door Stainless Steel Worktop Freezer With 4"" Removable Backsplash",Beverage Air,WTF20HC,WTF20HC,2900.66,,
"Traulsen CLUC-72F-SD-WTRRR 72.25"" W Stainless Steel Centerline Compact Undercounter Freezer with Work Top - 115 Volts",Traulsen,CLUC-72F-SD-WTRRR,CLUC-72F-SD-WTRRR,6009.00,,
"Continental Refrigerator SWF36NBS-FB 36""W Two Door Stainless Steel Work Top Freezer With 5 1/2"" Backsplash",Continental Refrigerator,SWF36NBS-FB,SWF36NBS-FB,4369.00,,
"Beverage Air WTFD60AHC-2-FIP 60""W Two Drawer and One Door Stainless Steel Worktop Freezer With 4"" Foamed-In Place Backsplash",Beverage Air,WTFD60AHC-2-FIP,WTFD60AHC-2-FIP,6144.26,,
"Randell 9215F-290 48""W Two-Section Solid Door Freezer Counter/Work Top",Randell,9215F-290,9215F-290,7602.00,,
"Infrico USA IUC-MR41BT 41.38""W One Door Stainless Steel Worktop Freezer",Infrico USA,IUC-MR41BT,IUC-MR41BT,6412.88,,
"Beverage Air WTF27AHC 27""W One Door Stainless Steel Worktop Freezer With 4"" Removable Backsplash",Beverage Air,WTF27AHC,WTF27AHC,2907.88,,
"Beverage Air WTFD48AHC-2-FLT 48""W Two Drawer and One Door Stainless Steel Worktop Freezer",Beverage Air,WTFD48AHC-2-FLT,WTFD48AHC-2-FLT,5354.55,,
"True TWT-60F-HC~SPEC3 60.38"" W Stainless Steel 2 Section Doors SPEC SERIES Work Top Freezer",,TWT-60F-HC~SPEC3,TWT-60F-HC~SPEC3,6313.86,,
"Beverage Air WTF24AHC-FIP 24""W One Door Stainless Steel Worktop Freezer With 4"" Foamed-In Place Backsplash",Beverage Air,WTF24AHC-FIP,WTF24AHC-FIP,2769.91,,
"True TWT-44F-HC 44.5"" W Aluminum and Stainless Steel One-Section with Rear Splash Counter Height Deep Work Top Freezer - 115 Volts",,TWT-44F-HC,TWT-44F-HC,5939.74,,
Turbo Air PWF-60-D2R(L)-N 17.2 Cu. Ft. Stainless Steel 1 Hinged Solid Door and 2 Drawers PRO Series Worktop Freezer - 115 Volts,Turbo Air,PWF-60-D2R(L)-N,PWF-60-D2R(L)-N,7883.09,,
"Continental Refrigerator DFA60NSSBS-D 60""W Two Drawer and Two Door Stainless Steel Designer Line Freezer Base Worktop Unit With 5 1/2""H Backsplash",Continental Refrigerator,DLFA60-SS-BS-D,DFA60NSSBS-D,12216.00,,
Beverage Air WTFCS72HC-76 14.51 Cu. Ft. Stainless Steel 2-Section Worktop Cook Stand Freezer - 115 Volts,Beverage Air,WTFCS72HC-76,WTFCS72HC-76,10185.80,,
"Admiral Craft USWF-1D 27"" W 1 Door Stainless Steel U-STAR Freezer Work Top Counter with Aluminum Backsplash - 115 Volts",Admiral Craft,USWF-1D,USWF-1D,1445.84,,
"Victory VWF48HC 48""W Two Door Stainless Steel Worktop Freezer Counter With 4"" High Foamed In Place Backsplash",Victory,VWF48HC,VWF48HC,6226.72,,
Turbo Air TWF-28SD-FB-N 6.5 Cu. Ft. Stainless Steel 1 Solid Door Super Deluxe Worktop Freezer - 115 Volts,Turbo Air,TWF-28SD-FB-N,TWF-28SD-FB-N,3321.16,,
"Turbo Air TWF-48SD-D2-N 48.25""W Two-Section Stainless Steel Door Super Deluxe Worktop Freezer",Turbo Air,TWF-48SD-D2-N,TWF-48SD-D2-N,5518.09,,
"Beverage Air WTFD32AHC-2 32""W Two Drawer Stainless Steel Worktop Freezer With 4"" Removable Backsplash",Beverage Air,WTFD32AHC-2,WTFD32AHC-2,4706.75,,
Turbo Air PWF-28-D2-N 6.8 Cu. Ft. Stainless Steel 2 Drawers PRO Series Worktop Freezer - 115 Volts,Turbo Air,PWF-28-D2-N,PWF-28-D2-N,5308.18,,
"Continental Refrigerator SWF48NBS-FB-D 48""W Four Drawer Stainless Steel Work Top Freezer With 5 1/2""H Backsplash",Continental Refrigerator,SWF48NBS-FB-D,SWF48NBS-FB-D,7340.00,,
"Turbo Air TWF-28SD-D2-N 27.5""W One-Section Super Deluxe Worktop Freezer",Turbo Air,TWF-28SD-D2-N,TWF-28SD-D2-N,4102.15,,
Beverage Air WTFCS84HC-89 17.46 Cu. Ft. Stainless Steel 2-Section Worktop Cook Stand Freezer - 115 Volts,Beverage Air,WTFCS84HC-89,WTFCS84HC-89,10980.44,,
"Beverage Air WTFD48AHC-4 48""W Four Drawer Stainless Steel Worktop Freezer With 4"" Removable Backsplash",Beverage Air,WTFD48AHC-4,WTFD48AHC-4,5548.37,,
"Kelvinator KCHUCWT48F 48.25"" W Two-Section Stainless Steel Worktop with Backsplash Reach-In Undercounter Freezer - 115 Volts",Kelvinator,KCHUCWT48F,KCHUCWT48F,3045.36,,
"Traulsen CLUC-48F-SD-WTRR 48.25"" W Stainless Steel Centerline Compact Undercounter Freezer with Work Top - 115 Volts",Traulsen,CLUC-48F-SD-WTRR,CLUC-48F-SD-WTRR,4215.00,,
"Traulsen CLUC-48F-SD-WTLL 48.25"" W Stainless Steel Centerline Compact Undercounter Freezer with Work Top - 115 Volts",Traulsen,CLUC-48F-SD-WTLL,CLUC-48F-SD-WTLL,4215.00,,
True TWT-44D-2-HC~SPEC3 Stainless Steel and Aluminum 1 Section 2 Drawers SPEC SERIES Deep Work Top Refrigerator - 115 Volts 0.1 HP,,TWT-44D-2-HC~SPEC3,TWT-44D-2-HC~SPEC3,5684.68,,
"Beverage Air WTF32AHC-FLT 32""W One Door Stainless Steel Worktop Freezer",Beverage Air,WTF32AHC-FLT,WTF32AHC-FLT,3593.13,,
"Continental Refrigerator SWF48NBS-D 48""W Four Drawer Stainless Steel Work Top Freezer With 5 1/2""H Backsplash",Continental Refrigerator,SWF48NBS-D,SWF48NBS-D,7241.00,,
"True TWT-27F-HC~SPEC3 27.63"" W Stainless Steel 1 Section Door SPEC SERIES Work Top Freezer",,TWT-27F-HC~SPEC3,TWT-27F-HC~SPEC3,3555.08,,
Turbo Air PWF-48-D4-N 12.8 Cu. Ft. Stainless Steel 4 Drawers PRO Series Worktop Freezer - 115 Volts,Turbo Air,PWF-48-D4-N,PWF-48-D4-N,8001.49,,
"Continental Refrigerator DFA68NSS-D 68""W Four Drawer and One Door Stainless Steel Designer Line Freezer Base Worktop Unit",Continental Refrigerator,DLFA68-SS-D,DFA68NSS-D,12478.00,,
Turbo Air PWF-48-FB-N 11.1 Cu. Ft. Stainless Steel 2 Hinged Solid Doors with Locks PRO Series Worktop Freezer - 115 Volts,Turbo Air,PWF-48-FB-N,PWF-48-FB-N,5662.26,,
"Beverage Air WTRF48AHC 48"" W Two Doors Stainless Steel Worktop Freezer or Refrigerator - 115 Volts",Beverage Air,WTRF48AHC,WTRF48AHC,5698.82,,
Turbo Air TWF-48SD-FB-N 14.8 Cu. Ft. Stainless Steel 2 Solid Hinged Doors Super Deluxe Worktop Freezer - 115 Volts,Turbo Air,TWF-48SD-FB-N,TWF-48SD-FB-N,4758.76,,
"Continental Refrigerator SWF27NBS-D 27.5""W Two Drawer Stainless Steel Work Top Freezer With 5 1/2""H Backsplash",Continental Refrigerator,SWF27NBS-D,SWF27NBS-D,4535.00,,
"Beverage Air WTF48AHC-FLT 48""W Two Door Stainless Steel Worktop Freezer",Beverage Air,WTF48AHC-FLT,WTF48AHC-FLT,4281.67,,
"Everest Refrigeration ETBF3 71.13""W Three-Section Solid Door Undercounter/ Worktop Freezer",Everest Refrigeration,ETBF3,ETBF3,3826.00,,
"Continental Refrigerator FA60NBS-D 60""W Two Drawer and One Door Stainless Steel Freezer Base Worktop Unit With 6""H Backsplash",Continental Refrigerator,CFA60-BS-D,FA60NBS-D,9636.00,,
"Continental Refrigerator FA60SNBS-D 60"" W Stainless Steel Freezer Base Shallow Depth Worktop Unit - 115 Volts",Continental Refrigerator,FA60SNBS-D,FA60SNBS-D,9636.00,,
"Victory VWFD36HC-2 36""W Two Drawer Stainless Steel Worktop Freezer Counter With 4"" High Foamed In Place Backsplash",Victory,VWFD36HC-2,VWFD36HC-2,6226.72,,
"Continental Refrigerator DFA68NSS 68""W Three Door Stainless Steel Designer Line Freezer Base Worktop Unit",Continental Refrigerator,DLFA68-SS,DFA68NSS,9621.00,,
Turbo Air PWF-28-N(-L) 6.8 Cu. Ft. Stainless Steel 1 Solid Door with Lock PRO Series Worktop Freezer - 115 Volts,Turbo Air,PWF-28-N(-L),PWF-28-N(-L),4198.89,,
"Continental Refrigerator DFA43NSSBS 43""W Two Door Stainless Steel Designer Line Freezer Base Worktop Unit With 6""H Backsplash",Continental Refrigerator,DLFA43-SS-BS,DFA43NSSBS,8847.00,,
"Continental Refrigerator DFA43NSSBS-D 43""W Two Drawer and One Door Designer Line Freezer Base Worktop Unit With 5 1/2""H Backsplash",Continental Refrigerator,DLFA43-SS-BS-D,DFA43NSSBS-D,10277.00,,
"True TWT-48F-HC~SPEC3 48.38"" W Stainless Steel 2 Section Doors SPEC SERIES Work Top Freezer",,TWT-48F-HC~SPEC3,TWT-48F-HC~SPEC3,5201.16,,
"Beverage Air WTF24AHC-FLT 24""W One Door Stainless Steel Worktop Freezer",Beverage Air,WTF24AHC-FLT,WTF24AHC-FLT,2769.91,,
"Beverage Air WTF20HC-FLT 20""W One Door Stainless Steel Worktop Freezer",Beverage Air,WTF20HC-FLT,WTF20HC-FLT,2900.66,,
"Continental Refrigerator FA43N-D 43""W Two Drawer and One Door Stainless Steel Freezer Base Worktop Unit",Continental Refrigerator,CFA43-D,FA43N-D,7951.00,,
"Everest Refrigeration ETF3 71.13""W Three-Section Solid Door Undercounter/ Worktop Freezer",Everest Refrigeration,ETF3,ETF3,4043.00,,
"Continental Refrigerator FA68SNBS-D 68"" W Stainless Steel Freezer Base Shallow Depth Worktop Unit - 115 Volts",Continental Refrigerator,FA68SNBS-D,FA68SNBS-D,10397.00,,
Turbo Air TWF-60SD-D2-N 17 Cu. Ft. Stainless Steel 1 Left Hinged Door and 2 Drawers Super Deluxe Worktop Freezer - 115 Volts,Turbo Air,TWF-60SD-D2-N,TWF-60SD-D2-N,7260.09,,
Koolmore FWT-1D-6C 6.3 Cu. Ft. Stainless Steel Single Door Freezer Worktop,,FWT-1D-6C,FWT-1D-6C,1562.20,,
"Traulsen CLUC-36F-SD-WTLR 36.25"" W Stainless Steel Centerline Compact Undercounter Freezer with Work Top - 115 Volts",Traulsen,CLUC-36F-SD-WTLR,CLUC-36F-SD-WTLR,3730.00,,
"Continental Refrigerator FA68N-D 68""W Four Drawer and One Door Stainless Steel Freezer Base Worktop Unit",Continental Refrigerator,CFA68-D,FA68N-D,9979.00,,
"Traulsen CLUC-48F-DW-WT 48.25"" W Stainless Steel Centerline Compact Undercounter Freezer with Work Top - 115 Volts",Traulsen,CLUC-48F-DW-WT,CLUC-48F-DW-WT,6621.00,,
"True TWT-48F-HC 48.38""W Two-Section Stainless Steel Door Work Top Freezer",,TWT-48F-HC,TWT-48F-HC,4012.61,,
"True TWT-27F-HC 27.63""W One-Section Stainless Steel Door Work Top Freezer",,TWT-27F-HC,TWT-27F-HC,2714.06,,
"Beverage Air WTF20HC-FIP 20""W One Door Stainless Steel Worktop Freezer With 4"" Foamed-In Place Backsplash",Beverage Air,WTF20HC-FIP,WTF20HC-FIP,2900.66,,
"Continental Refrigerator FA60SNBS 60"" W Stainless Steel Freezer Base Shallow Depth Worktop Unit - 115 Volts",Continental Refrigerator,FA60SNBS,FA60SNBS,7011.00,,
"Southbend 30064RSB 64""W Two Drawer Freezer Base",Southbend,30064RSB,30064RSB,16065.00,,
"Jade JRLH-06R-T-96 25"" H Stainless Steel Titan Fire an Ice Refrigerated Base",Jade,JRLH-06R-T-96,JRLH-06R-T-96,17814.50,,
"Turbo Air PRCBE-60F-N 60""W Two Drawer PRO Series Freezer Chef Base",Turbo Air,PRCBE-60F-N,PRCBE-60F-N,7710.53,,
"Montague FB-84-SC 84""W Four Drawer Legend Heavy Duty Extreme Cuisine Freezer Equipment Base/Stand",Montague,FB-84-SC,FB-84-SC,18861.06,,
"Continenttal Refrigerator D72GN 72""W Two-Section Four Drawer Refrigerator Griddle Stand",Continental Refrigerator,D72GN,D72GN,9092.50,,
"Turbo Air PRCBE-48F-N 48""W Two Drawer PRO Series Freezer Chef Base",Turbo Air,PRCBE-48F-N,PRCBE-48F-N,7010.97,,
"Electrolux 169208 62.01""W Two Drawer (COMPCHEF60) EMPower Refrigerated Chef Base",Electrolux,169208,169208,7608.70,,
"Turbo Air TCBE-36SDR-N6 35.63""W Two Drawer Super Deluxe Chef Base Refrigerator",Turbo Air,TCBE-36SDR-N6,TCBE-36SDR-N6,4597.04,,
Kelvinator KCHCB72R 4 Drawers Stainless Steel Refrigerated Chef Base,Kelvinator,KCHCB72R,KCHCB72R,4527.80,,
Atosa MGF8448GR 4.7 Cu. Ft. 2 Drawers Atosa Chef Base - 115 Volts,"Atosa USA, Inc.",MGF8448GR,MGF8448GR,2292.00,,
"Garland GN17FC51 51""W Two Drawer Arctic Fire Freezer Base",Garland,GN17FC51,GN17FC51,15698.00,,
"Traulsen TE060LT 60""W Six Drawer Spec-Line Freezer Equipment Stand",Traulsen,TE060LT,TE060LT,12335.90,,
"Continental Refrigerator D60GFN 60""W Two Drawer Freezer Griddle Stand",Continental Refrigerator,DL60GF,D60GFN,9517.00,,
"Jade JRLH-04R-T-54 54"" W 4 Drawers Titan Fire and Ice Refrigerated Base - 115 Volts",Jade,JRLH-04R-T-54,JRLH-04R-T-54,12980.00,,
"Garland GN17R85 85""W Six Drawer Arctic Fire Refrigerator Base",Garland,GN17R85,GN17R85,17601.00,,
"Victory CBR96HC 96"" W 4 Drawers Chef Base Refrigerator - 115 Volts",Victory,CBR96HC,CBR96HC,12404.49,,
"Victory CBF36HC 36"" W 2 Drawers Chef Base Freezer - 115 Volts",Victory,CBF36HC,CBF36HC,8613.60,,
"Asber ACBR-96 96.63"" W Four Drawer Chef Base Refrigerated Equipment Stand",Asber,ACBR-96,ACBR-96,4542.75,,
"Montague FB-48-R 48""W Two Drawer Legend Heavy Duty Extreme Cuisine Freezer Equipment Base/Stand",Montague,FB-48-R,FB-48-R,13074.38,,
"Jade JRLH-02S-T-36 25"" H Stainless Steel Titan Fire an Ice Refrigerated Base",Jade,JRLH-02S-T-36,JRLH-02S-T-36,13201.10,,
"Turbo Air PRCBE-84R-N 84""W Four Drawer PRO Series Refrigerated Chef Base",Turbo Air,PRCBE-84R-N,PRCBE-84R-N,8819.46,,
"Turbo Air PRCBE-36R-N 36""W Two Drawer PRO Series Refrigerator Chef Base",Turbo Air,PRCBE-36R-N,PRCBE-36R-N,6254.63,,
"Victory CBR112HC 112"" W 6 Drawers Chef Base Refrigerator - 115 Volts",Victory,CBR112HC,CBR112HC,14821.59,,
"Garland UN17C66 66""W Two Drawer Polar Cuisine Refrigerated Base",Garland,UN17C66,UN17C66,18179.00,,
"Master Bilt MBCB60 60""W Two Drawer Fusion Chef Base",Master Bilt,MBCB60,MBCB60,5925.00,,
"Vulcan VSC60 60"" W Stainless Steel Self-Contained Refrigerated Base - 115 Volts",Vulcan,VSC60,VSC60,18621.00,,
"Traulsen TE060HT 60""W Six Drawer Spec-Line Refrigerated Equipment Stand",Traulsen,TE060HT,TE060HT,10723.19,,
"Turbo Air PRCBE-36F-N 36""W Two Drawer PRO Series Freezer Chef Base",Turbo Air,PRCBE-36F-N,PRCBE-36F-N,6847.00,,
"Hoshizaki CR72A 72.5""W Four Drawer Steelheart Series Refrigerated Low-Profile Equipment Stand",Hoshizaki,CR72A,CR72A,9525.52,,
"Southbend 20108SB 108""W Six Drawer Refrigerator Base",Southbend,20108SB,20108SB,19755.00,,
"Southbend 20096RSB 96""W Six Drawer Refrigerator Base",Southbend,20096RSB,20096RSB,17442.00,,
Turbo Air PRCBE-96F-N-FT 17.5 Cu. Ft. Stainless Steel Two-Section PRO Series Freezer Chef Base - 115 Volts,Turbo Air,PRCBE-96F-N-FT,PRCBE-96F-N-FT,11710.35,,
"Imperial IHR-XX-RM-36 36""W Two Drawer Spec Series Sizzle 'N Chill System",Imperial,IHR-XX-RM-36,IHR-XX-RM-36,13056.00,,
"Montague RB-36-SC-G 36""W Two Drawer Legend Heavy Duty Glycol Refrigerated Equipment Base/Stand",Montague,RB-36-SC-G,RB-36-SC-G,16486.06,,
"Everest Refrigeration ECB52-60D2 60""W Two Drawer Chef Base Refrigerator",Everest Refrigeration,ECB52-60D2,ECB52-60D2,4775.00,,
"Victory CBR84HC 84"" W 4 Drawers Chef Base Refrigerator - 115 Volts",Victory,CBR84HC,CBR84HC,11701.83,,
"Garland UN17R84 84""W Two Drawer Polar Cuisine Refrigerated Base",Garland,UN17R84,UN17R84,19000.00,,
"U-Line UCFB560-SS61A 60"" W 2 Doors U-Line Commercial Freezer Base - 115 Volts",U-Line,UCFB560-SS61A,UCFB560-SS61A,7583.73,,
"Garland UN17FC78 78""W Two Drawer Polar Cuisine Freezer Base",Garland,UN17FC78,UN17FC78,20064.00,,
"Delfield F2962CP 62-1/4""W Two-Section Four Drawer Refrigerated Low-Profile Equipment Stand",Delfield,F2962CP,F2962CP,12606.00,,
"Koolmore KM-BR-724D 72.4"" W Stainless Steel Commercial Chef Base Refrigerator Storage Cabinet",,KM-BR-724D,KM-BR-724D,,,
"Arctic Air ARCB48 50"" W Two Drawers Refrigerated Chef Base",Arctic Air,ARCB48,ARCB48,2879.00,,
"Montague FB-60-R 60""W Two Drawer Legend Heavy Duty Extreme Cuisine Freezer Equipment Base/Stand",Montague,FB-60-R,FB-60-R,13675.25,,
"Universal Coolers CBI-52 51.89"" W 2 Drawers Chef Base Refrigerator - 115 Volts",Universal Coolers,CBI-52,CBI-52,2380.00,,
"Dukers DCB52-60-D2 60""W 2 Drawer Refrigerated Chef Base",Dukers,DCB52-60-D2,DCB52-60-D2,2556.00,,
"Delfield F2975CP 75-1/4""W Two-Section Four Drawer Refrigerated Low-Profile Equipment Stand",Delfield,F2975CP,F2975CP,13029.00,,
"Garland GN17FR80 80""W Six Drawer Arctic Fire Freezer Base",Garland,GN17FR80,GN17FR80,16718.00,,
Turbo Air TCBE-82SDR-E-N 16.04 Cu. Ft. Stainless Steel Super Deluxe Extended Top Chef Base Refrigerator - 115 Volts,Turbo Air,TCBE-82SDR-E-N,TCBE-82SDR-E-N,7574.21,,
"Master Bilt MBCB72 72""W Four Drawer Fusion Chef Base",Master Bilt,MBCB72,MBCB72,6717.00,,
"Garland GN17R68 68""W Four Drawer Arctic Fire Refrigerator Base",Garland,GN17R68,GN17R68,14972.00,,
Turbo Air TCBE-48SDR-E-N 7.52 Cu. Ft. Stainless Steel 2 Drawers Super Deluxe Extended Top Chef Base Refrigerator - 115 Volts,Turbo Air,TCBE-48SDR-E-N,TCBE-48SDR-E-N,5527.43,,
"Montague RB-84-R 84""W Four Drawer Legend Heavy Duty Extreme Cuisine Refrigerated Equipment Base/Stand",Montague,RB-84-R,RB-84-R,16362.56,,
"Garland GN17FC80 80""W Four Drawer Arctic Fire Freezer Base",Garland,GN17FC80,GN17FC80,18528.00,,
"Garland GN17R51 51""W Four Drawer Arctic Fire Refrigerator Base",Garland,GN17R51,GN17R51,13360.00,,
"Garland GN17FC53 53""W Two Drawer Arctic Fire Freezer Base",Garland,GN17FC53,GN17FC53,16160.00,,
"Garland GN17R97 97""W Six Drawer Arctic Fire Refrigerator Base",Garland,GN17R97,GN17R97,18295.00,,
"Vulcan ARS110 110"" W Stainless Steel Self-Contained Achiever Refrigerated Base - 115 Volts",Vulcan,ARS110,ARS110,,,
"Garland UN17C48 48""W Two Drawer Polar Cuisine Refrigerated Base",Garland,UN17C48,UN17C48,15140.00,,
"Garland UN17FC48 48""W Two Drawer Polar Cuisine Freezer Base",Garland,UN17FC48,UN17FC48,15654.00,,
"Montague RB-48-SC-G 48""W Two Drawer Legend Heavy Duty Glycol Refrigerated Equipment Base/Stand",Montague,RB-48-SC-G,RB-48-SC-G,16600.06,,
"Omcan USA 50072 72"" W Stainless Steel 4 Drawers Refrigerated Chef Base or Equipment Stand - 110 Volts 0.33 HP",Omcan USA,50072,50072,8273.45,,
"Garland UN17FC60 60""W Two Drawer Polar Cuisine Freezer Base",Garland,UN17FC60,UN17FC60,18463.00,,
"Beverage Air WTRCS52HC 52""W Two Drawer Worktop Cook Stand Refrigerator",Beverage Air,WTRCS52HC,WTRCS52HC,6675.78,,
"Victory CBR48HC 48"" W 2 Drawers Chef Base Refrigerator - 115 Volts",Victory,CBR48HC,CBR48HC,8137.93,,
"Garland GN17C46 46""W Two Drawer Arctic Fire Refrigerator Base",Garland,GN17C46,GN17C46,14285.00,,
"Randell LPRES1L3-120C4 120"" W Stainless Steel Exterior Refrigerated Counter and Equipment Stand - 115 Volts",Randell,LPRES1L3-120C4,LPRES1L3-120C4,17095.50,,
"Delfield F2999CP 99-1/4""W Three-Section Six Drawer Refrigerated Low-Profile Equipment Stand",Delfield,F2999CP,F2999CP,15508.00,,
"Universal Coolers CBI-72 72.35"" W 4 Drawers Chef Base Refrigerator - 115 Volts",Universal Coolers,CBI-72,CBI-72,2680.00,,
"Randell RES1R1-53C4 53"" W Stainless Steel Exterior One Section Refrigerated Counter or Equipment Stand - 115 Volts",Randell,RES1R1-53C4,RES1R1-53C4,11756.00,,
"Garland UN17FC66 66""W Four Drawer Polar Cuisine Freezer Base",Garland,UN17FC66,UN17FC66,19495.00,,
"Randell 20048-32-513-C4 53""W Two Drawer Refrigerated Counter/Equipment Stand",Randell,20048-32-513-C4,LPRES1R1-53C4,11349.00,,
"Jade JRLH-04R-T-72 72"" (4) 27.25"" Removable Drawers Stainless Steel Front Face and Sides Titan Fire and Ice Refrigerated Base - 115 Volts",Jade,JRLH-04R-T-72,JRLH-04R-T-72,14854.40,,
"Southbend 30096RSB 96""W Six Drawer Freezer Base",Southbend,30096RSB,30096RSB,18360.00,,
"Dukers DCB72-D4 72""W 4 Drawer Refrigerated Chef Base",Dukers,DCB72-D4,DCB72-D4,3093.00,,
"Randell RES1R1-48C4 48"" W Stainless Steel Exterior One Section Refrigerated Counter and Equipment Stand - 115 Volts",Randell,RES1R1-48C4,RES1R1-48C4,11325.50,,
"Imperial IHR-XX-SC-36 36""W Two Drawer Spec Series Sizzle 'N Chill System",Imperial,IHR-XX-SC-36,IHR-XX-SC-36,17060.45,,
"Master Bilt MBCB48 48""W Two Drawer FusionChef Base",Master Bilt,MBCB48,MBCB48,5369.00,,
"Garland UN1732R72 72""W Four Drawer Polar Cuisine Refrigerated Base",Garland,UN1732R72,UN1732R72,17686.00,,
Beverage Air WTCTCS48HC 7.21 Cu. Ft. Stainless Steel 1-Section Cross Temp Chef Base - 115 Volts,Beverage Air,WTCTCS48HC,WTCTCS48HC,7467.79,,
"Migali C-CB72-HC 72-1/4""W Two-Section Four Drawer Competitor Series Refrigerated Equipment Stand/Chef Base",Migali,C-CB72-HC,C-CB72-HC,3533.00,,
"Akita ACB-60 60"" W Stainless Steel 2 Drawers Refrigerated Chef Base Equipment Stand - 115 Volts",,ACB-60,ACB-60,3875.63,,
"Beverage Air WTRCS96HC 96""W Four Drawer Worktop Cook Stand Refrigerator",Beverage Air,WTRCS96HC,WTRCS96HC,10378.96,,
Turbo Air TCBE-36SDR-E-N6 4.98 Cu. Ft. Stainless Steel 2 Drawers Super Deluxe Extended Top Chef Base Refrigerator - 115 Volts,Turbo Air,TCBE-36SDR-E-N6,TCBE-36SDR-E-N6,5368.32,,
"Garland GN17C92 92""W Four Drawer Arctic Fire Refrigerator Base",Garland,GN17C92,GN17C92,19714.00,,
"Infrico USA IUC-MSG52 53.25""W Two Drawer Refrigerated Equipment Stand",Infrico USA,IUC-MSG52,IUC-MSG52,7922.01,,
"Montague RB-48-R-G 48""W Two Drawer Legend Heavy Duty Glycol Refrigerated Equipment Base/Stand",Montague,RB-48-R-G,RB-48-R-G,13934.13,,
"Hoshizaki CR110A 110.5""W Four Drawer Steelheart Series Equipment Stand",Hoshizaki,CR110A,CR110A,12734.24,,
"Garland UN17FR36 36""W Two Drawer Polar Cuisine Freezer Base",Garland,UN17FR36,UN17FR36,12615.00,,
"Garland UN17R90 90""W Two Drawer Polar Cuisine Refrigerated Base",Garland,UN17R90,UN17R90,19589.00,,
"Randell RES1R2-82C4 82"" W Stainless Steel Exterior Two Sections Refrigerated Counter or Equipment Stand - 115 Volts",Randell,RES1R2-82C4,RES1R2-82C4,13815.00,,
Turbo Air PRCBE-36F-N-FT 4.6 Cu. Ft. Stainless Steel One-Section PRO Series Freezer Chef Base - 115 Volts,Turbo Air,PRCBE-36F-N-FT,PRCBE-36F-N-FT,6847.00,,
"U-Line UCRB536-SS61A 36"" W 2 Drawers U-Line Commercial Refrigerated Base - 115 Volts",U-Line,UCRB536-SS61A,UCRB536-SS61A,6324.13,,
"Garland UN17FR60 60""W Two Drawer Polar Cuisine Freezer Base",Garland,UN17FR60,UN17FR60,16718.00,,
"Everest Refrigeration ECB48D2 48.38""W Two Drawer Chef Base Refrigerator",Everest Refrigeration,ECB48D2,ECB48D2,4422.00,,
"Garland UN17FR66 66""W Four Drawer Polar Cuisine Freezer Base",Garland,UN17FR66,UN17FR66,17527.00,,
"Jade JFLH-02S-T-48 48"" W Stainless Steel 2 Drawers Titan Fire & Ice Freezer Base",Jade,JFLH-02S-T-48,JFLH-02S-T-48,13823.70,,
"Southbend 30048SB 48""W Two Drawer Freezer Base",Southbend,30048SB,30048SB,14229.00,,
"Arctic Air ARCB60 62"" W Two Drawers Refrigerated Chef Base",Arctic Air,ARCB60,ARCB60,3599.00,,
"Montague FB-36-R 36""W Two Drawer Legend Heavy Duty Extreme Cuisine Freezer Equipment Base/Stand",Montague,FB-36-R,FB-36-R,11819.19,,
"U-Line UCRB548-SS61A 48"" W 2 Drawers U-Line Commercial Refrigerated Base - 115 Volts",U-Line,UCRB548-SS61A,UCRB548-SS61A,7074.53,,
"Southbend 30072RSB 72""W Two Drawer Freezer Base",Southbend,30072RSB,30072RSB,15606.00,,
"Montague FB-84-R 84""W Four Drawer Legend Heavy Duty Extreme Cuisine Freezer Equipment Base/Stand",Montague,FB-84-R,FB-84-R,17835.06,,
"Akita ACB-72 74.09"" W Stainless Steel 4 Drawers Refrigerated Chef Base Equipment Stand - 115 Volts",,ACB-72,ACB-72,4662.00,,
"Garland GN17C80 80""W Four Drawer Arctic Fire Refrigerator Base",Garland,GN17C80,GN17C80,17694.00,,
"Everest Refrigeration ECB82-84D4 84""W Four Drawer Chef Base Refrigerator",Everest Refrigeration,ECB82-84D4,ECB82-84D4,6253.00,,
"U-Line UCFB536-SS61A 36"" W 2 Drawers U-Line Commercial Freezer Base - 115 Volts",U-Line,UCFB536-SS61A,UCFB536-SS61A,6585.43,,
"Garland GN17C68 68""W Four Drawer Arctic Fire Refrigerator Base",Garland,GN17C68,GN17C68,16644.00,,
"Garland GN17C63 63""W Four Drawer Arctic Fire Refrigerator Base",Garland,GN17C63,GN17C63,16160.00,,
"Delfield F2936CP 36-1/4""W One-Section 2 Drawer Refrigerated Low-Profile Equipment Stand",Delfield,F2936CP,F2936CP,7392.00,,
"Southbend 30048RSB 48""W Two Drawer Freezer Base",Southbend,30048RSB,30048RSB,13311.00,,
"Jade JRLH-04S-T-84 84"" W 4 Drawers Titan Fire & Ice Refrigerated Base",Jade,JRLH-04S-T-84,JRLH-04S-T-84,16831.10,,
Turbo Air PRCBE-72F-N-FT 12.14 Cu. Ft. Stainless Steel Two-Section PRO Series Freezer Chef Base - 115 volts,Turbo Air,PRCBE-72F-N-FT,PRCBE-72F-N-FT,9329.28,,
"Everest Refrigeration ECB82D4 82.38""W Four Drawer Chef Base Refrigerator",Everest Refrigeration,ECB82D4,ECB82D4,5526.12,,
"Beverage Air WTFCS36HC-48 Worktop Cook Stand Freezer one-Section 48""W",Beverage Air,WTFCS36-1-48,WTFCS36HC-48,7961.53,,
"Jade JRLH-06R-T-84 25"" H Stainless Steel Titan Fire an Ice Refrigerated Base",Jade,JRLH-06R-T-84,JRLH-06R-T-84,16618.80,,
"Garland UN17FR54 54""W Four Drawer Polar Cuisine Freezer Base",Garland,UN17FR54,UN17FR54,15381.00,,
"Turbo Air PRCBE-96F-N 96""W Four Drawer PRO Series Freezer Chef Base",Turbo Air,PRCBE-96F-N,PRCBE-96F-N,11710.35,,
"Garland GN17C53 53""W Two Drawer Arctic Fire Refrigerator Base",Garland,GN17C53,GN17C53,14824.00,,
"Montague RB-72-SC 72""W Two Drawer Legend Heavy Duty Extreme Cuisine Refrigerated Equipment Base/Stand",Montague,RB-72-SC,RB-72-SC,16575.13,,
"Southbend 30032RSB 32""W Two Drawer Freezer Base",Southbend,30032RSB,30032RSB,11360.25,,
"Admiral Craft USCB-52 51.75"" W 2 Drawers U-STAR Refrigerated Chef Base - 115 Volts",Admiral Craft,USCB-52,USCB-52,2954.85,,
"Blue Air BACB48-HC 48"" W x 31"" D x 25.13"" H Stainless Steel Side-Mounted Refrigerated Chef Base Equipment Stand",Blue Air,BACB48-HC,BACB48-HC,4523.69,,
"Southbend 20072SB 72""W Four Drawer Refrigerator Base",Southbend,20072SB,20072SB,15453.00,,
"Southbend 20036RSB 36""W Two Drawer Refrigerator Base",Southbend,20036RSB,20036RSB,10442.25,,
Turbo Air PRCBE-72R-N-FT 12.14 Cu. Ft. Stainless Steel Two-Section PRO Series Refrigerated Chef Base - 115 Volts,Turbo Air,PRCBE-72R-N-FT,PRCBE-72R-N-FT,8480.69,,
"Admiral Craft USCB-36 36.25"" W 2 Drawers U-STAR Refrigerated Chef Base - 115 Volts",Admiral Craft,USCB-36,USCB-36,2632.87,,
"Southbend 30036SB 36""W Two Drawer Freezer Base",Southbend,30036SB,30036SB,12278.25,,
Turbo Air PRCBE-96R-N-FT 17.5 Cu. Ft. Stainless Steel 4 Drawers PRO Series Refrigerated Chef Base - 115 Volts,Turbo Air,PRCBE-96R-N-FT,PRCBE-96R-N-FT,11664.41,,
"Traulsen TE072HT 72""W Four Drawer Spec-Line Refrigerated Equipment Stand",Traulsen,TE072HT,TE072HT,12544.79,,
"Traulsen TE084LT 84""W Four Drawer Spec-Line Freezer Equipment Stand",Traulsen,TE084LT,TE084LT,15568.25,,
"Traulsen TE072LT 72""W Four Drawer Spec-Line Freezer Equipment Stand",Traulsen,TE072LT,TE072LT,14595.57,,
"Victory CBR72HC 72"" W 4 Drawers Chef Base Refrigerator - 115 Volts",Victory,CBR72HC,CBR72HC,10344.14,,
"Montague FB-48-SC 48""W Two Drawer Legend Heavy Duty Extreme Cuisine Freezer Equipment Base/Stand",Montague,FB-48-SC,FB-48-SC,14340.25,,
"Blue Air BACB74M-HC 74.13"" W x 31"" D x 25.5"" H All Stainless Steel Side-Mounted Refrigerated Chef Base Equipment Stand",Blue Air,BACB74M-HC,BACB74M-HC,5482.86,,
"Garland GN17FR46 46""W Two Drawer Arctic Fire Freezer Base",Garland,GN17FR46,GN17FR46,14033.00,,
"Montague RB-48-R 48""W Two Drawer Legend Heavy Duty Extreme Cuisine Refrigerated Equipment Base/Stand",Montague,RB-48-R,RB-48-R,12692.00,,
"SABA SCB-36 36.38"" W Stainless Steel 2 Drawers Chef Base Drawer Refrigerator - 115 Volts",SABA,SCB-36,SCB-36,3223.80,,
"Southbend 20084RSB 84""W Four Drawer Refrigerator Base",Southbend,20084RSB,20084RSB,15720.75,,
"Everest Refrigeration ECB52D2 51.88""W Two Drawer Chef Base Refrigerator",Everest Refrigeration,ECB52D2,ECB52D2,4534.00,,
Beverage Air WTCTCS52HC 8.06 Cu. Ft. Stainless Steel 1-Section Cross Temp Chef Base - 115 Volts,Beverage Air,WTCTCS52HC,WTCTCS52HC,7596.23,,
"Turbo Air TCBE-48SDR-N 47.63""W Two Drawer Super Deluxe Chef Base Refrigerator",Turbo Air,TCBE-48SDR-N,TCBE-48SDR-N,5196.13,,
"Victory CBR36HC 36"" W 2 Drawers Chef Base Refrigerator - 115 Volts",Victory,CBR36HC,CBR36HC,7542.36,,
Atosa MGF8451GR 8.4 Cu. Ft. 2 Drawers Atosa Chef Base - 115 Volts,"Atosa USA, Inc.",MGF8451GR,MGF8451GR,2670.00,,
"Turbo Air TCBE-52SDR-N 52.25""W Two Drawer Super Deluxe Chef Base Refrigerator",Turbo Air,TCBE-52SDR-N,TCBE-52SDR-N,5422.47,,
"Vulcan ARS60 60"" W Stainless Steel Self-Contained Achiever Refrigerated Base - 115 Volts",Vulcan,ARS60,ARS60,16797.00,,
"Admiral Craft USCB-72 72.5"" W 4 Drawers U-STAR Refrigerated Chef Base - 115 Volts",Admiral Craft,USCB-72,USCB-72,3814.82,,
"Victory CBF72HC 72"" W 4 Drawers Chef Base Freezer - 115 Volts",Victory,CBF72HC,CBF72HC,11583.57,,
"True TRCB-52-60 60""W Two Drawer Refrigerated Chef Base",,TRCB-52-60,TRCB-52-60-HC,6009.25,,
"Electrolux 169209 74.03""W Four Drawer (COMPCHEF72) EMPower Refrigerated Chef Base",Electrolux,169209,169209,8925.95,,
"Garland UN17C78 78""W Two Drawer Polar Cuisine Refrigerated Base",Garland,UN17C78,UN17C78,19476.00,,
"Turbo Air PRCBE-84F-N 84""W Four Drawer PRO Series Freezer Chef Base",Turbo Air,PRCBE-84F-N,PRCBE-84F-N,9698.67,,
"Garland UN17FC72 72""W Two-Section Four Drawer Polar Cuisine Freezer Base - 115 Volts",Garland,UN17FC72,UN17FC72,19843.00,,
"Migali C-CB72-76-HC 76""W Two-Section Four Drawer Competitor Series Refrigerated Equipment Stand/Chef Base",Migali,C-CB72-76-HC,C-CB72-76-HC,3570.00,,
"Southbend 30096SB 96""W Two Drawer Freezer Base",Southbend,30096SB,30096SB,19278.00,,
"Omcan USA 50071 52"" W Stainless Steel 2 Drawers Refrigerated Chef Base or Equipment Stand - 110 Volts 0.25 HP",Omcan USA,50071,50071,6811.58,,
"Montague RB-36-R-G 36""W Two Drawer Legend Heavy Duty Glycol Refrigerated Equipment Base/Stand",Montague,RB-36-R-G,RB-36-R-G,12473.50,,
Turbo Air PRCBE-48F-N-FT 6.83 Cu. Ft. Stainless Steel One-Section PRO Series Freezer Chef Base -115 Volts,Turbo Air,PRCBE-48F-N-FT,PRCBE-48F-N-FT,7010.97,,
"Turbo Air PRCBE-72F-N 72""W Four Drawer PRO Series Freezer Chef Base",Turbo Air,PRCBE-72F-N,PRCBE-72F-N,9329.28,,
"Garland UN17FR72 72""W Two Drawer Polar Cuisine Freezer Base",Garland,UN17FR72,UN17FR72,17664.00,,
"Jade JRLH-04R-T-66 66"" (4) 27.25"" Removable Drawers Stainless Steel Front Face and Sides Titan Fire and Ice Refrigerated Base - 115 Volts",Jade,JRLH-04R-T-66,JRLH-04R-T-66,13351.00,,
Atosa MGF8452GR 8.4 Cu. Ft. 2 Drawers Atosa Chef Base - 115 Volts,"Atosa USA, Inc.",MGF8452GR,MGF8452GR,2714.00,,
"Victory CBF52HC 52"" W 2 Drawers Chef Base Freezer - 115 Volts",Victory,CBF52HC,CBF52HC,9504.16,,
"Turbo Air TCBE-72SDR-N 72""W Four Drawer Super Deluxe Chef Base Refrigerator",Turbo Air,TCBE-72SDR-N,TCBE-72SDR-N,6651.66,,
"Dukers DCB36-D2 36""W 2 Drawer Refrigerated Chef Base",Dukers,DCB36-D2,DCB36-D2,1971.00,,
"Asber ACBR-84 84.25"" W Four Drawer Chef Base Refrigerated Equipment Stand",Asber,ACBR-84,ACBR-84,4057.65,,
"Infrico USA IUC-MSG96 97""W Four Drawer Refrigerated Equipment Stand",Infrico USA,IUC-MSG96,IUC-MSG96,11556.96,,
"Garland GN17FC68 68""W Four Drawer Arctic Fire Freezer Base",Garland,GN17FC68,GN17FC68,18064.00,,
"SABA SCB-52 51.38"" W Stainless Steel 2 Drawers Chef Base Drawer Refrigerator - 115 Volts",SABA,SCB-52,SCB-52,3134.25,,
"Beverage Air WTFCS72HC Worktop Cook Stand Freezer two-Section 72""",Beverage Air,WTFCS72HC,WTFCS72HC,10087.91,,
"Migali C-CB48-HC 48-1/4""W  One-Section Two Drawer  Competitor Series Refrigerated Equipment Stand/Chef Base",Migali,C-CB48-HC,C-CB48-HC,2386.00,,
"Garland UN17R48 48""W Two Drawer Polar Cuisine Refrigerated Base",Garland,UN17R48,UN17R48,13667.00,,
"Southbend 20036SB 36""W Two Drawer Refrigerator Base",Southbend,20036SB,20036SB,11249.10,,
"Jade JFLH-04R-T-54 54"" W 2 Drawers Titan Fire and Ice Freezer Base - 115 Volts",Jade,JFLH-04R-T-54,JFLH-04R-T-54,13163.70,,
Randell LPRES1L3-105C4 105” W Three-Section Stainless Steel Refrigerated Counter or Equipment Stand – 115 Volts,Randell,LPRES1L3-105C4,LPRES1L3-105C4,15803.00,,
"Blue Air BACB60M-HC 60"" W x 31"" D x 25.5"" H Galvanized & Stainless Steel Side-Mounted Refrigerated Chef Base Equipment Stand",Blue Air,BACB60M-HC,BACB60M-HC,5065.29,,
"Southbend 30032SB 32""W Two Drawer Freezer Base",Southbend,30032SB,30032SB,12278.25,,
"Randell RES1L2-72C4 72"" W Stainless Steel Exterior Two Sections Refrigerated Counter and Equipment Stand - 115 Volts",Randell,RES1L2-72C4,RES1L2-72C4,12953.50,,
"Beverage Air WTRCS36HC 36""W Two Drawer Worktop Cook Stand Refrigerator",Beverage Air,WTRCS36HC,WTRCS36HC,5895.26,,
"Montague FB-60-SC 60""W Two Drawer Legend Heavy Duty Extreme Cuisine Freezer Equipment Base/Stand",Montague,FB-60-SC,FB-60-SC,15794.94,,
"Infrico USA IUC-MSG110 110.63""W Six Drawer Refrigerated Equipment Stand",Infrico USA,IUC-MSG110,IUC-MSG110,13597.50,,
"Blue Air BACB36-HC 36"" W x 31"" D x 25.13"" H All stainless Steel Side-Mounted Refrigerated Chef Base Equipment Stand",Blue Air,BACB36-HC,BACB36-HC,4178.82,,
"Electrolux 169207 50""W Two Drawer (COMPCHEF48) EMPower Refrigerated Chef Base",Electrolux,169207,169207,7304.00,,
"Garland GN17FR51 51""W Four Drawer Arctic Fire Freezer Base",Garland,GN17FR51,GN17FR51,14285.00,,
"Southbend 20108RSB 108""W Four Drawer Refrigerator Base",Southbend,20108RSB,20108RSB,19232.10,,
"Victory CBF96HC 96"" W 4 Drawers Chef Base Freezer - 115 Volts",Victory,CBF96HC,CBF96HC,13851.86,,
"Southbend 30064SB 64""W Two Drawer Freezer Base",Southbend,30064SB,30064SB,16983.00,,
"Turbo Air TCBE-82SDR-N 83.63""W Four Drawer Super Deluxe Chef Base Refrigerator",Turbo Air,TCBE-82SDR-N,TCBE-82SDR-N,7234.32,,
"Randell RES1L2-82C4 82"" W Stainless Steel Exterior Two Sections Refrigerated Counter and Equipment Stand - 115 Volts",Randell,RES1L2-82C4,RES1L2-82C4,13815.00,,
"Imperial IHR-XX-RM-72 72""W Four Drawer Spec Series Sizzle 'N Chill System",Imperial,IHR-XX-RM-72,IHR-XX-RM-72,17735.00,,
"Turbo Air PRCBE-60R-N 60""W Two Drawer PRO Series Refrigerated Chef Base",Turbo Air,PRCBE-60R-N,PRCBE-60R-N,7010.97,,
"Beverage Air WTRCS72HC 72""W Four Drawer Worktop Cook Stand Refrigerator",Beverage Air,WTRCS72HC,WTRCS72HC,8385.62,,
"Everest Refrigeration ECB36D2 36.38""W Two Drawer Chef Base Refrigerator",Everest Refrigeration,ECB36D2,ECB36D2,4276.00,,
"Randell RES1L1-53C4 53"" W Stainless Steel Exterior One Section Refrigerated Counter and Equipment Stand - 115 Volts",Randell,RES1L1-53C4,RES1L1-53C4,11756.00,,
"Turbo Air PRCBE-48R-N 48""W Two Drawer PRO Series Refrigerated Chef Base",Turbo Air,PRCBE-48R-N,PRCBE-48R-N,6490.68,,
"True TRCB-52 51.88""W Two Drawer Refrigerated Chef Base",,TRCB-52,TRCB-52-HC,5735.45,,
"Continental Refrigerator D48GFN 48""W Two Drawer Freezer Griddle Stand",Continental Refrigerator,DL48GF,D48GFN,8125.00,,
"Jade JFLH-04R-T-72 25"" H Stainless Steel Titan Fire and Ice Freezer Base",Jade,JFLH-04R-T-72,JFLH-04R-T-72,15397.80,,
"Beverage Air WTRCS112HC-120 120""W Six Drawer Worktop Cook Stand Refrigerator",Beverage Air,WTRCS112-1-120,WTRCS112HC-120,12561.84,,
"Infrico USA IUC-MSG52-60 60""W Two Drawer Refrigerated Equipment Stand",Infrico USA,IUC-MSG52-60,IUC-MSG52-60,7922.01,,
"Jade JFLH-04R-T-66 66"" W 4 Drawers Titan Fire and Ice Freezer Base - 115 Volts",Jade,JFLH-04R-T-66,JFLH-04R-T-66,14747.70,,
Turbo Air PRCBE-48R-N-FT 6.83 Cu. Ft. Stainless Steel One-Section PRO Series Refrigerated Chef Base - 115 Volts,Turbo Air,PRCBE-48R-N-FT,PRCBE-48R-N-FT,6490.68,,
"Southbend 30084RSB 84""W Four Drawer Freezer Base",Southbend,30084RSB,30084RSB,16638.75,,
"Montague RB-36-SC 36""W Two Drawer Legend Heavy Duty Extreme Cuisine Refrigerated Equipment Base/Stand",Montague,RB-36-SC,RB-36-SC,13436.56,,
"Garland GN17FC92 92""W Four Drawer Arctic Fire Freezer Base",Garland,GN17FC92,GN17FC92,19946.00,,
"Montague RB-96-R 96""W Six Drawer Legend Heavy Duty Extreme Cuisine Refrigerated Equipment Base/Stand",Montague,RB-96-R,RB-96-R,16830.44,,
"Continental Refrigerator D96GN 96""W Four Drawer Refrigerator Griddle Stand",Continental Refrigerator,D96GN,D96GN,11274.46,,
"Victory CBF60HC 60"" W 2 Drawers Chef Base Freezer - 115 Volts",Victory,CBF60HC,CBF60HC,10247.23,,
Turbo Air PRCBE-36R-N-FT 4.6 Cu. Ft. Stainless Steel One-Section PRO Series Refrigerated Chef Base - 115 Volts,Turbo Air,PRCBE-36R-N-FT,PRCBE-36R-N-FT,6254.63,,
"Randell RES1R3-120C4 120"" W Stainless Steel Exterior Three Sections Refrigerated Counter or Equipment Stand - 115 Volts",Randell,RES1R3-120C4,RES1R3-120C4,17502.50,,
Turbo Air PRCBE-84F-N-FT 14.75 Cu. Ft. Stainless Steel Two-Section PRO Series Freezer Chef Base - 115 Volts,Turbo Air,PRCBE-84F-N-FT,PRCBE-84F-N-FT,9698.67,,
"Arctic Air ARCB72 74"" W Four Drawers Refrigerated Chef Base",Arctic Air,ARCB72,ARCB72,4799.00,,
"Jade JRLH-06S-T-102 102"" (2) 14 3.8"" and (4) 27.25"" Self-Closing Drawers Stainless Steel Self-Contained Titan Fire and Ice Refrigerated Base - 115 Volts",Jade,JRLH-06S-T-102,JRLH-06S-T-102,19725.20,,
"Blue Air BACB96M-HC 96.13"" W x 31"" D x 25.5"" H All Stainless Steel Side-Mounted Refrigerated Chef Base Equipment Stand",Blue Air,BACB96M-HC,BACB96M-HC,7066.83,,
"Turbo Air PRCBE-72R-N 72""W Four Drawer PRO Series Refrigerated Chef Base",Turbo Air,PRCBE-72R-N,PRCBE-72R-N,8480.69,,
"Blue Air BACB53M-HC 53"" W x 31"" D x 25.5"" H Stainless Steel Side-Mounted Refrigerated Chef Base Equipment Stand",Blue Air,BACB53M-HC,BACB53M-HC,4664.43,,
"Continental Refrigerator D72GFN 72""W Four Drawer Freezer Griddle Stand",Continental Refrigerator,DL72GF,D72GFN,11218.00,,
"Montague RB-60-R-G 60""W Two Drawer Legend Heavy Duty Glycol Refrigerated Equipment Base/Stand",Montague,RB-60-R-G,RB-60-R-G,14434.06,,
"Victory CBR60HC 60"" W 2 Drawers Chef Base Refrigerator - 115 Volts",Victory,CBR60HC,CBR60HC,9029.15,,
"Southbend 20064RSB 64""W Two Drawer Refrigerator Base",Southbend,20064RSB,20064RSB,15147.00,,
"Montague RB-84-SC 84""W Four Drawer Legend Heavy Duty Extreme Cuisine Refrigerated Equipment Base/Stand",Montague,RB-84-SC,RB-84-SC,17303.06,,
"Infrico USA IUC-MSG36 36.63""W Two Drawer Refrigerated Equipment Stand",Infrico USA,IUC-MSG36,IUC-MSG36,6540.58,,
"Garland GN17R80 80""W Six Drawer Arctic Fire Refrigerator Base",Garland,GN17R80,GN17R80,16107.00,,
"Southbend 20060SB 60""W Two Drawer Refrigerator Base",Southbend,20060SB,20060SB,14316.75,,
Atosa MGF8450GR 7.7 Cu. Ft. 2 Drawers Atosa Chef Base - 115 Volts,"Atosa USA, Inc.",MGF8450GR,MGF8450GR,2490.00,,
"Atosa MGF8453GR 72.4"" W 4 Drawers Refrigerated Chef Base with Extended Top - 115 Volts","Atosa USA, Inc.",MGF8453GR,MGF8453GR,3601.00,,
Turbo Air PRCBE-60R-N-FT 9.77 Cu. Ft. Stainless Steel One-Section PRO Series Refrigerated Chef Base - 115 Volts,Turbo Air,PRCBE-60R-N-FT,PRCBE-60R-N-FT,7010.97,,
"Arctic Air ARCB36 38"" W Two Drawers Refrigerated Chef Base",Arctic Air,ARCB36,ARCB36,2759.00,,
"Asber ACBR-72 72.5"" W Four Drawer Chef Base Refrigerated Equipment Stand",Asber,ACBR-72,ACBR-72,3573.45,,
"Southbend 20072RSB 72""W Two Drawer Refrigerator Base",Southbend,20072RSB,20072RSB,14688.00,,
"Garland GN17C51 51""W Two Drawer Arctic Fire Refrigerator Base",Garland,GN17C51,GN17C51,14550.00,,
"Master Bilt MBCB84 84""W Four Drawer FusionChef Base",Master Bilt,MBCB84,MBCB84,7064.00,,
"True TRCB-36 36.38""W Two Drawer Refrigerated Chef Base",,TRCB-36,TRCB-36-HC,4844.87,,
"Southbend 30060SB 60""W Two Drawer Freezer Base",Southbend,30060SB,30060SB,15376.50,,
"Montague RB-72-R-G 72""W Four Drawer Legend Heavy Duty Glycol Refrigerated Equipment Base/Stand",Montague,RB-72-R-G,RB-72-R-G,14966.06,,
"Southbend 30060RSB 60""W Two Drawer Freezer Base",Southbend,30060RSB,30060RSB,14458.50,,
"Beverage Air WTRCS60HC 60.5""W Two Drawer Worktop Cook Stand Refrigerator",Beverage Air,WTRCS60HC,WTRCS60HC,7146.85,,
"Garland UN17C72 72""W Four Drawer Polar Cuisine Refrigerated Base",Garland,UN17C72,UN17C72,18590.00,,
"Electrolux 169210 48""W Two Drawer (COMPCHEF48M) EMPower Refrigerated Chef Base",Electrolux,169210,169210,8171.35,,
"Turbo Air PRCBE-96R-N 96""W Four Drawer PRO Series Refrigerator Chef Base",Turbo Air,PRCBE-96R-N,PRCBE-96R-N,11664.41,,
"Hoshizaki CR49A 49""W Two Drawer Steelheart Series Refrigerated Equipment Stand",Hoshizaki,CR49A,CR49A,7971.48,,
"Beverage Air WTFCS60HC Worktop Cook Stand Freezer one-Section 60""",Beverage Air,WTFCS60HC,WTFCS60HC,8462.16,,
"Jade JFLH-04S-T-72 72"" W 4 Drawers Self-Contained Titan Fire and Ice Freezer Base -115 Volts",Jade,JFLH-04S-T-72,JFLH-04S-T-72,16563.80,,
"Traulsen TE048HT 48""W Four Drawer Spec-Line Refrigerated Equipment Stand",Traulsen,TE048HT,TE048HT,10375.70,,
"Southbend 20084SB 84""W Four Drawer Refrigerator Base",Southbend,20084SB,20084SB,16475.85,,
Randell 20105-32-513 Three-Section Refrigerated Counter/Equipment Stand - 115 Volts,Randell,20105-32-513,LPRES1R3-120C4,17095.50,,
"Koolmore KM-BR-844D 84"" W Stainless Steel Commercial Chef Base Refrigerator Storage Cabinet",,KM-BR-844D,KM-BR-844D,,,
Continental Refrigerator D60GN One-Section Two Drawer Refrigerator Griddle Stand,Continental Refrigerator,D60GN,D60GN,7748.87,,
"Jade JFLH-04S-T-84 84"" W Stainless Steel 4 Drawers Titan Fire & Ice Freezer Base",Jade,JFLH-04S-T-84,JFLH-04S-T-84,18493.20,,
"Continental Refrigerator D84GN 84""W Four Drawer Refrigerator Griddle Stand",Continental Refrigerator,D84GN,D84GN,9889.36,,
"True TRCB-79-86 86.26"" W 4 Drawers Refrigerated Chef Base - 115 Volts",,TRCB-79-86,TRCB-79-86-HC,7413.57,,
"Montague FB-36-SC 36""W Two Drawer Legend Heavy Duty Extreme Cuisine Freezer Equipment Base/Stand",Montague,FB-36-SC,FB-36-SC,13973.31,,
"Beverage Air WTFCS84HC Worktop Cook Stand Freezer two-Section 84""",Beverage Air,WTFCS84HC,WTFCS84HC,10758.05,,
"Blue Air BACB86M-HC 86.25"" W x 31"" D x 25.5"" H All Stainless Steel Side-Mounted Refrigerated Chef Base Equipment Stand",Blue Air,BACB86M-HC,BACB86M-HC,6148.87,,
"Traulsen TE048LT 48""W Four Drawer Spec-Line Freezer Equipment Stand",Traulsen,TE048LT,TE048LT,10595.48,,
"Southbend 30036RSB 36""W Two Drawer Freezer Base",Southbend,30036RSB,30036RSB,11360.25,,
"Garland UN17R96 96""W Four Drawer Polar Cuisine Refrigerated Base",Garland,UN17R96,UN17R96,20042.00,,
"Beverage Air WTRCS48HC 48""W Two Drawer Worktop Cook Stand Refrigerator",Beverage Air,WTRCS48HC,WTRCS48HC,6493.46,,
"Delfield F2952CP 52-1/4""W One-Section Two Drawers Refrigerated Low-Profile Equipment Stand",Delfield,F2952CP,F2952CP,10847.00,,
"Vulcan ARS84 84"" W Stainless Steel Self-Contained Achiever Refrigerated Base - 115 Volts",Vulcan,ARS84,ARS84,19151.00,,
"Traulsen TE036HT 36""W Two Drawer Spec-Line Refrigerated Equipment Stand",Traulsen,TE036HT,TE036HT,9231.26,,
"Montague FB-96-R 96""W Six Drawer Legend Heavy Duty Extreme Cuisine Freezer Equipment Base/Stand",Montague,FB-96-R,FB-96-R,18344.50,,
Migali C-CB36-HC 4.7 Cu. Ft. Stainless Steel 2 Drawers Competitor Series Refrigerated Equipment Stand or Chef Base - 115 Volts,Migali,C-CB36-HC,C-CB36-HC,2123.00,,
"Traulsen TE110HT 110""W Six Drawer Spec-Line Refrigerated Equipment Stand",Traulsen,TE110HT,TE110HT,18004.64,,
"Jade JRLH-04S-T-72 25"" H Stainless Steel Titan Fire an Ice Refrigerated Base",Jade,JRLH-04S-T-72,JRLH-04S-T-72,16601.20,,
"Garland GN17R53 53""W Four Drawer Arctic Fire Refrigerator Base",Garland,GN17R53,GN17R53,13541.00,,
"Garland UN171927R72 72""W Four Drawer Polar Cuisine Refrigerated Base",Garland,UN171927R72,UN171927R72,17686.00,,
"Migali C-CB52-60-HC 60-1/2""W One-Section Two Drawer Competitor Series Refrigerated Equipment Stand/Chef Base",Migali,C-CB52-60-HC,C-CB52-60-HC,2728.00,,
"Everest Refrigeration ECB96D4 95.5""W Four Drawer Chef Base Refrigerator",Everest Refrigeration,ECB96D4,ECB96D4,7081.00,,
"Everest Refrigeration ECB82-86D4 86.25""W Four Drawer Chef Base Refrigerator",Everest Refrigeration,ECB82-86D4,ECB82-86D4,6398.00,,
"Beverage Air WTFCS52HC Worktop Cook Stand Freezer one-Section 52""",Beverage Air,WTFCS52HC,WTFCS52HC,8120.19,,
"Jade JRLH-02R-T-36 36"" W Stainless Steel 2 Drawers Titan Fire & Ice Refrigerated Base",Jade,JRLH-02R-T-36,JRLH-02R-T-36,10965.00,,
"Beverage Air WTRCS36HC-48 48""W Two Drawer Worktop Cook Stand Refrigerator",Beverage Air,WTRCS36-1-48,WTRCS36HC-48,6493.46,,
"Continental Refrigerator D84GFN 84""W Four Drawer Freezer Griddle Stand",Continental Refrigerator,DL84GF,D84GFN,12011.00,,
Kelvinator KCHCB60R 2 Drawers Stainless Steel Refrigerated Chef Base,Kelvinator,KCHCB60R,KCHCB60R,3503.70,,
"Garland UN17C60 60""W Two Drawer Polar Cuisine Refrigerated Base",Garland,UN17C60,UN17C60,17329.00,,
"Montague FB-72-R 72""W Four Drawer Legend Heavy Duty Extreme Cuisine Freezer Equipment Base/Stand",Montague,FB-72-R,FB-72-R,15210.69,,
"Hoshizaki CR85A 85""W Four Drawer Steelheart Series Refrigerated Equipment Stand",Hoshizaki,CR85A,CR85A,11095.66,,
"Vulcan ARS72 72"" W Stainless Steel Self-Contained Achiever Refrigerated Base - 115 Volts",Vulcan,ARS72,ARS72,17832.00,,
"Hoshizaki CR98A 98""W Four Drawer Steelheart Series Refrigerated Low-Profile Equipment Stand",Hoshizaki,CR98A,CR98A,12351.77,,
"True TRCB-96 95.5""W Four Drawer Refrigerated Chef Base",,TRCB-96,TRCB-96-HC,8407.81,,
Randell LPRES1L1-53C4 53” W One-Section Stainless Steel Refrigerated Counter or Equipment Stand – 115 Volts,Randell,LPRES1L1-53C4,LPRES1L1-53C4,11349.00,,
"True TRCB-79 79.25""W Four Drawer Refrigerated Chef Base",,TRCB-79,TRCB-79-HC,7363.10,,
"Jade JRLH-02S-T-48 25"" H Stainless Steel Titan Fire an Ice Refrigerated Base",Jade,JRLH-02S-T-48,JRLH-02S-T-48,13199.00,,
Turbo Air PRCBE-60F-N-FT 9.77 Cu. Ft. Stainless Steel One-Section PRO Series Freezer Chef Base - 115 Volts,Turbo Air,PRCBE-60F-N-FT,PRCBE-60F-N-FT,7710.53,,
"True TRCB-72 72.38""W Four Drawer Refrigerated Chef Base",,TRCB-72,TRCB-72-HC,7050.63,,
"True TRCB-110 110""W Six Drawer Refrigerated Chef Base",,TRCB-110,TRCB-110-HC,9598.48,,
"Asber ACBR-52-60 60.25"" W Two Drawer Chef Base Refrigerated Equipment Stand",Asber,ACBR-52-60,ACBR-52-60,2816.55,,
"Montague RB-60-R 60""W Two Drawer Legend Heavy Duty Extreme Cuisine Refrigerated Equipment Base/Stand",Montague,RB-60-R,RB-60-R,13149.19,,
"Southbend 20032RSB 32""W Two Drawer Refrigerator Base",Southbend,20032RSB,20032RSB,10442.25,,
"Turbo Air TCBE-96SDR-N 96.38""W Four Drawer Super Deluxe Chef Base Refrigerator",Turbo Air,TCBE-96SDR-N,TCBE-96SDR-N,8021.66,,
"Beverage Air WTFCS96HC Worktop Cook Stand Freezer two-Section 96""",Beverage Air,WTFCS96HC,WTFCS96HC,11394.02,,
"Montague RB-60-SC 60""W Two Drawer Legend Heavy Duty Extreme Cuisine Refrigerated Equipment Base/Stand",Montague,RB-60-SC,RB-60-SC,15186.94,,
Turbo Air TCBE-72SDR-E-N 12.66 Cu. Ft. Stainless Steel Super Deluxe Extended Top Chef Base Refrigerator - 115 Volts,Turbo Air,TCBE-72SDR-E-N,TCBE-72SDR-E-N,6991.17,,
"Koolmore KM-BR-362D 36.4"" W Stainless Steel Commercial Chef Base Refrigerator Storage Cabinet",,KM-BR-362D,KM-BR-362D,,,
Randell LPRES1L1-48C4 48” W One-Section Stainless Steel Refrigerated Counter or Equipment Stand – 115 Volts,Randell,LPRES1L1-48C4,LPRES1L1-48C4,10918.00,,
"True TRCB-82-84 54"" W 4 Drawers Refrigerated Chef Base",,TRCB-82-84,TRCB-82-84-HC,7948.46,,
"Randell RES1L1-48C4 48"" W Stainless Steel Exterior One Section Refrigerated Counter and Equipment Stand - 115 Volts",Randell,RES1L1-48C4,RES1L1-48C4,11325.50,,
"Dukers DCB52-D2 52 1/2""W 2 Drawer Refrigerated Chef Base",Dukers,DCB52-D2,DCB52-D2,2289.00,,
"Southbend 30072SB 72""W Four Drawer Freezer Base",Southbend,30072SB,30072SB,16524.00,,
"Montague RB-108-R 108""W Six Drawer Legend Heavy Duty Extreme Cuisine Refrigerated Equipment Base/Stand",Montague,RB-108-R,RB-108-R,17286.44,,
"Victory CBF84HC 84"" W 4 Drawers Chef Base Freezer - 115 Volts",Victory,CBF84HC,CBF84HC,13068.06,,
Turbo Air TCBE-52SDR-E-N 9.1 Cu. Ft. Stainless Steel 2 Drawers Super Deluxe Extended Top Chef Base Refrigerator - 115 Volts,Turbo Air,TCBE-52SDR-E-N,TCBE-52SDR-E-N,5689.90,,
"Garland UN17R60 60""W Four Drawer Polar Cuisine Refrigerated Base",Garland,UN17R60,UN17R60,15381.00,,
"Vulcan VSC48 48"" W Stainless Steel Self-Contained Refrigerated Base - 115 Volts",Vulcan,VSC48,VSC48,17091.00,,
"Montague RB-60-SC-G 60""W Two Drawer Legend Heavy Duty Glycol Refrigerated Equipment Base/Stand",Montague,RB-60-SC-G,RB-60-SC-G,18635.44,,
"Garland GN17R34 34""W Two Drawer Arctic Fire Refrigerator Base",Garland,GN17R34,GN17R34,11888.00,,
"SABA SCB-72 72.38"" W Stainless Steel 4 Drawers Chef Base Drawer Refrigerator - 115 Volts",SABA,SCB-72,SCB-72,4576.01,,
"Beverage Air WTRCS112HC 112""W Six Drawer Worktop Cook Stand Refrigerator",Beverage Air,WTRCS112HC,WTRCS112HC,11658.14,,
Kelvinator KCHCB48R 2 Drawers Stainless Steel Refrigerated Chef Base,Kelvinator,KCHCB48R,KCHCB48R,3126.25,,
"Southbend 20096SB 96""W Two Drawer Refrigerator Base",Southbend,20096SB,20096SB,18900.00,,
"Atosa MGF8454GR 76"" W 4 Drawers Refrigerated Chef Base with Extended Top - 115 Volts","Atosa USA, Inc.",MGF8454GR,MGF8454GR,3692.00,,
Beverage Air WTCTCS60HC 8.7 Cu. Ft. Stainless Steel 1-Section Cross Temp Chef Base - 115 Volts,Beverage Air,WTCTCS60HC,WTCTCS60HC,7756.87,,
Continental Refrigerator D36GN One-Section Two Drawer Refrigerator Griddle Stand,Continental Refrigerator,D36GN,D36GN,6248.34,,
"Randell RES1L3-105C4 105"" W Stainless Steel Exterior Three Sections Refrigerated Counter and Equipment Stand - 115 Volts",Randell,RES1L3-105C4,RES1L3-105C4,16209.50,,
"Garland GN17R102 102""W Six Drawer Arctic Fire Refrigerator Base",Garland,GN17R102,GN17R102,18779.00,,
"Hoshizaki CR60A 60.5""W Two Drawer Steelheart Series Refrigerated Equipment Stand",Hoshizaki,CR60A,CR60A,8297.59,,
"Montague RB-72-R 72""W Four Drawer Legend Heavy Duty Extreme Cuisine Refrigerated Equipment Base/Stand",Montague,RB-72-R,RB-72-R,14348.56,,
"Montague FB-72-SC 72""W Two Drawer Legend Heavy Duty Extreme Cuisine Freezer Equipment Base/Stand",Montague,FB-72-SC,FB-72-SC,17570.25,,
"Garland UN17FR48 48""W Two Drawer Polar Cuisine Freezer Base",Garland,UN17FR48,UN17FR48,14550.00,,
"Vulcan VSC72 72"" W Stainless Steel Self-Contained Refrigerated Base - 115 Volts",Vulcan,VSC72,VSC72,20009.00,,
"Southbend 20064SB 64""W Two Drawer Refrigerator Base",Southbend,20064SB,20064SB,15750.00,,
"Southbend 30084SB 84""W Four Drawer Freezer Base",Southbend,30084SB,30084SB,17556.75,,
"Montague RB-36-R 36""W Two Drawer Legend Heavy Duty Extreme Cuisine Refrigerated Equipment Base/Stand",Montague,RB-36-R,RB-36-R,11362.00,,
"Garland GN17FR68 68""W Four Drawer Arctic Fire Freezer Base",Garland,GN17FR68,GN17FR68,16401.00,,
"Southbend 20048SB 48""W Two Drawer Refrigerator Base",Southbend,20048SB,20048SB,13180.50,,
"Garland GN17FR63 63""W Four Drawer Arctic Fire Freezer Base",Garland,GN17FR63,GN17FR63,15939.00,,
Randell LPRES1L2-72C4 72” W Two-Section Stainless Steel Refrigerated Counter or Equipment Stand – 115 Volts,Randell,LPRES1L2-72C4,LPRES1L2-72C4,12546.50,,
"Garland UN17FC54 54""W Two Drawer Polar Cuisine Freezer Base",Garland,UN17FC54,UN17FC54,16907.00,,
"Jade JRLH-02S-B-36 36"" W 2 Drawers Bistro Fire & Ice Refrigerated Base",Jade,JRLH-02S-B-36,JRLH-02S-B-36,11880.00,,
"Vulcan ARS36 36"" W Stainless Steel Self-Contained Achiever Refrigerated Base - 115 Volts",Vulcan,ARS36,ARS36,15406.00,,
"Garland GN17FR53 53""W Four Drawer Arctic Fire Freezer Base",Garland,GN17FR53,GN17FR53,14498.00,,
"Koolmore KM-BR-482D 48.3"" W Stainless Steel Commercial Chef Base Refrigerator Storage Cabinet",,KM-BR-482D,KM-BR-482D,,,
"Montague FB-108-R 108""W Six Drawer Legend Heavy Duty Extreme Cuisine Freezer Equipment Base/Stand",Montague,FB-108-R,FB-108-R,18840.88,,
"Garland GN17R46 46""W Two Drawer Arctic Fire Refrigerator Base",Garland,GN17R46,GN17R46,13088.00,,
"Montague RB-72-SC-G 72""W Two Drawer Legend Heavy Duty Glycol Refrigerated Equipment Base/Stand",Montague,RB-72-SC-G,RB-72-SC-G,19210.19,,
Randell LPRES1L1-38C4 38” W One-Section Stainless Steel Refrigerated Counter or Equipment Stand – 115 Volts,Randell,LPRES1L1-38C4,LPRES1L1-38C4,10296.00,,
"Garland GN17C85 85""W Four Drawer Arctic Fire Refrigerator Base",Garland,GN17C85,GN17C85,18306.00,,
"Asber ACBR-52 53"" W Two Drawer Chef Base Refrigerated Equipment Stand",Asber,ACBR-52,ACBR-52,2725.65,,
"U-Line UCFB572-SS61A 72"" W 4 Drawers U-Line Commercial Freezer Base - 115 Volts",U-Line,UCFB572-SS61A,UCFB572-SS61A,9747.83,,
"Montague RB-96-SC 96""W Four Drawer Legend Heavy Duty Extreme Cuisine Refrigerated Equipment Base/Stand",Montague,RB-96-SC,RB-96-SC,19001.19,,
"Garland GN17R63 63""W Four Drawer Arctic Fire Refrigerator Base",Garland,GN17R63,GN17R63,14498.00,,
"Beverage Air WTRCS84HC 84""W Four Drawer Worktop Cook Stand Refrigerator",Beverage Air,WTRCS84HC,WTRCS84HC,9097.48,,
"Infrico USA IUC-MSG48 48.63""W Two Drawer Refrigerated Equipment Stand",Infrico USA,IUC-MSG48,IUC-MSG48,7466.68,,
"Beverage Air WTFCS36HC Worktop Cook Stand Freezer one-Section 36""",Beverage Air,WTFCS36HC,WTFCS36HC,7628.76,,
Beverage Air WTCTCS72HC 8.7 Cu. Ft. Stainless Steel 1-Section 4 Drawers Cross Temp Chef Base - 115 Volts,Beverage Air,WTCTCS72HC,WTCTCS72HC,11660.76,,
Delfield F2987CP Three-Section Six Drawer Refrigerated Low-Profile Equipment Stand,Delfield,F2987CP,F2987CP,15281.00,,
"Migali C-CB52-HC 52""W One-Section Two Drawer Competitor Series Refrigerated Equipment Stand/Chef Base",Migali,C-CB52-HC,C-CB52-HC,2550.00,,
"Randell FX-1CSRE-290 38""W FX Series Flexible Refrigerator or Freezer Chef Stand",Randell,FX-1CSRE-290,FX-1CSRE-290,10842.00,,
"Randell RES1L3-120C4 120"" W Stainless Steel Exterior Three Sections Refrigerated Counter and Equipment Stand - 115 Volts",Randell,RES1L3-120C4,RES1L3-120C4,17502.50,,
"Vulcan ARS48 48"" W Stainless Steel Self-Contained Achiever Refrigerated Base - 115 Volts",Vulcan,ARS48,ARS48,15938.00,,
"Victory CBF48HC 48"" W 2 Drawers Chef Base Freezer - 115 Volts",Victory,CBF48HC,CBF48HC,8613.60,,
Everest Refrigeration ECB72D4 Two-Section Four Drawers Chef Base Refrigerator,Everest Refrigeration,ECB72D4,ECB72D4,5383.00,,
Turbo Air PRCBE-84R-N-FT 14.75 Cu. Ft. Stainless Steel 4 Drawers PRO Series Refrigerated Chef Base - 115 Volts,Turbo Air,PRCBE-84R-N-FT,PRCBE-84R-N-FT,8819.46,,
"Victory CBR52HC 52"" W 2 Drawers Chef Base Refrigerator - 115 Volts",Victory,CBR52HC,CBR52HC,8546.26,,
"Jade JFLH-02R-T-36 36"" W 2 Drawers Titan Fire and Ice Freezer Base - 115 Volts",Jade,JFLH-02R-T-36,JFLH-02R-T-36,11222.20,,
"Dukers DCB48 48""W 2 Drawer Refrigerated Chef Base",Dukers,DCB48,DCB48-D2,2153.00,,
"U-Line UCFB548-SS61A 48"" W 2 Drawers U-Line Commercial Freezer Base - 115 Volts",U-Line,UCFB548-SS61A,UCFB548-SS61A,7295.63,,
"Garland GN17FR34 35""W Two Drawer Arctic Fire Freezer Base",Garland,GN17FR34,GN17FR34,12867.00,,
"Hoshizaki CR36A 36.5""W Two Drawer Steelheart Series Refrigerated Equipment Stand",Hoshizaki,CR36A,CR36A,7331.35,,
"Universal Coolers CBI-36 36.38"" W 2 Drawers Chef Base Refrigerator - 115 Volts",Universal Coolers,CBI-36,CBI-36,1980.00,,
"Vulcan VSC36 36"" W Stainless Steel Self-Contained Refrigerated Base - 115 Volts",Vulcan,VSC36,VSC36,14653.00,,
"Southbend 20060RSB 60""W Two Drawer Refrigerator Base",Southbend,20060RSB,20060RSB,13540.50,,
"Jade JRLH-02R-B-36 36"" W 2 Drawers Bistro Fire and Ice Refrigerated Base - 115 Volts",Jade,JRLH-02R-B-36,JRLH-02R-B-36,10264.10,,
"Montague RB-48-SC 48""W Two Drawer Legend Heavy Duty Extreme Cuisine Refrigerated Equipment Base/Stand",Montague,RB-48-SC,RB-48-SC,13528.00,,
"True TRCB-82-86 86.25""W Four Drawer Refrigerated Chef Base",,TRCB-82-86,TRCB-82-86-HC,7966.90,,
"Continental Refrigerator D48GN 48""W One-Section Two Drawers Refrigerator Griddle Stand",Continental Refrigerator,D48GN,D48GN,7073.84,,
"Continental Refrigerator D108GN 108""W Six Drawer Refrigerator Griddle Stand",Continental Refrigerator,D108GN,D108GN,11901.60,,
"U-Line UCRB560-SS61A 60"" W 2 Drawers U-Line Commercial Refrigerated Base - 115 Volts",U-Line,UCRB560-SS61A,UCRB560-SS61A,7443.03,,
"Traulsen TE084HT 84""W Four Drawer Spec-Line Refrigerated Equipment Stand",Traulsen,TE084HT,TE084HT,13605.08,,
Randell LPRES1L2-82C4 82” W Two-Section Stainless Steel Refrigerated Counter or Equipment Stand – 115 Volts,Randell,LPRES1L2-82C4,LPRES1L2-82C4,13408.50,,
"True TRCB-82 82.38"" W 4 Drawers Refrigerated Chef Base",,TRCB-82,TRCB-82-HC,7669.23,,
"Garland UN17C54 54""W Two Drawer Polar Cuisine Refrigerated Base",Garland,UN17C54,UN17C54,15809.00,,
"Garland GN17FC63 63""W Four Drawer Arctic Fire Freezer Base",Garland,GN17FC63,GN17FC63,17822.00,,
"True TRCB-48 48.38""W Two Drawer Refrigerated Chef Base",,TRCB-48,TRCB-48-HC,5485.53,,
"U-Line UCRB572-SS61A 72"" W 4 Drawers U-Line Commercial Refrigerated Base - 115 Volts",U-Line,UCRB572-SS61A,UCRB572-SS61A,9312.33,,
"Traulsen TE096HT 96""W Six Drawer Spec-Line Refrigerated Equipment Stand",Traulsen,TE096HT,TE096HT,14992.56,,
"Randell LPRES1R1-38C4 38"" W Stainless Steel Exterior Refrigerated Counter and Equipment Stand - 115 Volts",Randell,LPRES1R1-38C4,LPRES1R1-38C4,10296.00,,
"Infrico USA IUC-MSG72 72.63""W Four Drawer Refrigerated Equipment Stand",Infrico USA,IUC-MSG72,IUC-MSG72,9692.90,,
"Master Bilt MBCB36 36""W Two Drawer FusionChef Base",Master Bilt,MBCB36,MBCB36,4866.00,,
"Beverage Air WTFCS48HC Worktop Cook Stand Freezer one-Section 48""",Beverage Air,WTFCS48HC,WTFCS48HC,7961.53,,
"Southbend 20048RSB 48""W Two Drawer Refrigerator Base",Southbend,20048RSB,20048RSB,12393.00,,
"Traulsen TBC1HR-3 48.5""W Roll-Thru Spec-Line Roll-thru Blast Chiller with EPICON Control",Traulsen,TBC1HR-3,TBC1HR-3,90793.40,,
"American Panel AP36BCF-3T 58"" W Roll-In HURRiCHiLL Modular Blast Chiller/Shock Freezer - 208 Volts",American Panel,AP36BCF-3T,AP36BCF-3T,89019.68,,
"Traulsen TBC2H-8-LP 48.5""W Roll-In Spec-Line Roll-In Blast Chiller with EPICON Control",Traulsen,TBC2H-8-LP,TBC2H-8-LP,165383.95,,
"American Panel AP26BC-1T 55"" W Roll-In HURRiCHiLL Modular Blast Chiller - 208 Volts",American Panel,AP26BC-1T,AP26BC-1T,37774.56,,
"Traulsen TBC5-51-LP 54""W Spec-Line Undercounter Blast Chiller with EPICON Control",Traulsen,TBC5-51-LP,TBC5-51-LP,34910.87,,
"American Panel AP20BC-2T 51"" W Roll-In HURRiCHiLL Modular Blast Chiller - 208 Volts",American Panel,AP20BC-2T,AP20BC-2T,56851.95,,
"American Panel AP20BCF-1T 49"" W Roll-In HURRiCHiLL Modular Blast Chiller/Shock Freezer - 208 Volts",American Panel,AP20BCF-1T,AP20BCF-1T,35896.96,,
"Traulsen TBC13-36 41""W Reach-In Spec-Line Reach-in Blast Chiller with EPICON Control",Traulsen,TBC13-36,TBC13-36,52072.52,,
"Traulsen TBC1H-33-LP 48.5""W Roll-In Spec-Line Roll-In Blast Chiller with EPICON Control",Traulsen,TBC1H-33-LP,TBC1H-33-LP,85300.38,,
"Piper Products RCMC83T 59.06""W Roll-Thru Shock Freezer/Blast Chiller",Piper Products,RCMC83T,RCMC83T,111862.13,,
"Piper Products RDMC82T 62.99""W Roll-Thru Shock Freezer/Blast Chiller",Piper Products,RDMC82T,RDMC82T,77641.66,,
"Traulsen TBC5-62 54""W Spec-Line Undercounter Blast Chiller with EPICON Control",Traulsen,TBC5-62,TBC5-62,33909.48,,
"U-Line UCBF632-SS12A 31.5"" W Stainless Steel Reach-In U-Line Commercial Blast Chiller and Freezer - 230 Volts",U-Line,UCBF632-SS12A,UCBF632-SS12A,21271.83,,
"American Panel AP24BC250-3-R-RHH 54.38"" W Roll-In HURRiCHiLL Blast Chiller - 208 Volts",American Panel,AP24BC250-3-R-RHH,AP24BC250-3-R-RHH,45705.92,,
"Electrolux 727731 35.31""W SkyLine ChillS 61 Blast Chiller/Freezer",Electrolux,727731,727731,16761.25,,
"American Panel AP20BC-1T 51"" W Roll-In HURRiCHiLL Modular Blast Chiller - 208 Volts",American Panel,AP20BC-1T,AP20BC-1T,35897.33,,
"American Panel AP24BCF300-3-R-RHH 54.38"" W Roll-In HURRiCHiLL Blast Chiller/Shock Freezer - 208 Volts",American Panel,AP24BCF300-3-R-RHH,AP24BCF300-3-R-RHH,45705.92,,
"Traulsen TBC13-31 41""W Reach-In Spec-Line Blast Chiller with EPICON Control",Traulsen,TBC13-31,TBC13-31,55312.79,,
"Electrolux 727758 55.13""W Roll-In (EBFA22RQ) SkyLine ChillS 202 Blast Chiller/Freezer",Electrolux,727758,727758,51572.40,,
"American Panel AP26BCF-3T 53"" W Roll-In HURRiCHiLL Modular Blast Chiller/Shock Freezer - 208 Volts",American Panel,AP26BCF-3T,AP26BCF-3T,87297.43,,
"American Panel AP46BC-1T 64"" W Roll-In HURRiCHiLL Modular Blast Chiller - 208 Volts",American Panel,AP46BC-1T,AP46BC-1T,38559.61,,
"Piper Products RCR122S 43.31""W Reach-In Blast Chiller",Piper Products,RCR122S,RCR122S,30060.25,,
"Piper Products RCR051S 31.1""W Reach-In Blast Chiller",Piper Products,RCR051S,RCR051S,9586.94,,
"Traulsen TBC13-COR01-LP 41""W Reach-In Spec-Line Reach-In Blast Chiller with EPICON Control",Traulsen,TBC13-COR01-LP,TBC13-COR01-LP,60713.73,,
"Traulsen TBC13-COR01 41""W Reach-In Spec-Line Reach-In Blast Chiller with EPICON Control",Traulsen,TBC13-COR01,TBC13-COR01,59091.12,,
"Omcan USA 46673 44"" W Self-Contained Refrigeration Stainless Steel Reach-In Blast Chiller - 220 Volts",Omcan USA,46673,46673,9922.87,,
"Traulsen TBC5-52-LP 54""W Spec-Line Undercounter Blast Chiller with EPICON Control",Traulsen,TBC5-52-LP,TBC5-52-LP,34910.87,,
"Piper Products RDMC83T 59.06""W Roll-Thru Shock Freezer/Blast Chiller",Piper Products,RDMC83T,RDMC83T,105693.25,,
"Traulsen TBC5-58 54""W Spec-Line Undercounter Blast Chiller with EPICON Control",Traulsen,TBC5-58,TBC5-58,34551.99,,
"Traulsen TBC1HR-COR02-LP 48.5""W Roll-Thru Spec-Line Roll-thru Blast Chiller with EPICON Control",Traulsen,TBC1HR-COR02-LP,TBC1HR-COR02-LP,94815.77,,
"Traulsen TBC13-28 41""W Reach-In Spec-Line Blast Chiller with EPICON Control",Traulsen,TBC13-28,TBC13-28,55935.50,,
"American Panel AP24BCF300-3-R 54.38"" W Roll-In HURRiCHiLL Blast Chiller/Shock Freezer - 208 Volts",American Panel,AP24BCF300-3-R,AP24BCF300-3-R,41181.57,,
"Traulsen TBC2HR-2 48.5""W Roll-Thru Spec-Line Roll-thru Blast Chiller with EPICON Control",Traulsen,TBC2HR-2,TBC2HR-2,174387.02,,
"American Panel AP5BCF45-2-P 29.5""W 50 Lbs. Solid State Electronic Control Panel Manual Defrost Stainless Steel HURRiCHiLL Blast Chiller or Shock Freezer - 208 Volts",American Panel,AP5BCF45-2-P,AP5BCF45-2-P,11037.50,,
"American Panel AP20BCF200-3 47.25"" W Roll-In HURRiCHiLL Blast Chiller/Shock Freezer - 2.5 HP",American Panel,AP20BCF200-3,AP20BCF200-3,41377.79,,
"Traulsen TBC13-54 41""W Reach-In Spec-Line Reach-in Blast Chiller with EPICON Control",Traulsen,TBC13-54,TBC13-54,57013.11,,
"Piper Products RCMC02T 47.24""W Shock Freezer/Blast Chiller",Piper Products,RCMC02T,RCMC02T,31058.48,,
"American Panel AP36BCF-2T 58"" W Roll-In HURRiCHiLL Modular Blast Chiller/Shock Freezer - 208 Volts",American Panel,AP36BCF-2T,AP36BCF-2T,63775.70,,
"Traulsen TBC13-51 41""W Reach-In Spec-Line Reach-in Blast Chiller with EPICON Control",Traulsen,TBC13-51,TBC13-51,56298.33,,
"Traulsen CLBC7-L 34.75"" W Stainless Steel Reach-In Centerline By Traulsen Blast Chiller - 208-230 Volts",Traulsen,CLBC7-L,CLBC7-L,14277.00,,
"Piper Products RDRC83T 59.06""W Roll-Thru Blast Chiller",Piper Products,RDRC83T,RDRC83T,104244.00,,
"Omcan USA 46671 25.6"" W Self-Contained Refrigeration Stainless Steel Reach-In Blast Chiller - 220 Volts",Omcan USA,46671,46671,6673.64,,
"Traulsen TBC1H-34-LP 48.5""W Roll-In Spec-Line Roll-In Blast Chiller with EPICON Control",Traulsen,TBC1H-34-LP,TBC1H-34-LP,85300.38,,
"Traulsen TBC13-31-LP 41""W Reach-In Spec-Line Reach-in Blast Chiller with EPICON Control",Traulsen,TBC13-31-LP,TBC13-31-LP,56933.91,,
Multiplex TS905046G-263 200 Lbs. Multiplex 50G Icecore Remote Chiller - 230 Volts,Multiplex,TS905046G-263,TS905046G-263,13404.60,,
Multiplex TS905051G-263 200 Lbs. Multiplex 50G Icecore Remote Chiller - 208/230 Volts,Multiplex,TS905051G-263,TS905051G-263,12039.00,,
"U-Line UCBF559-SS12A 59.06"" W Stainless Steel Reach-In U-Line Commercial Blast Chiller and Freezer - 230 Volts",U-Line,UCBF559-SS12A,UCBF559-SS12A,41257.93,,
"Electrolux 727744 40.94""W Roll-In (EBFA21RQ) SkyLine ChillS 201 Blast Chiller/Freezer",Electrolux,727744,727744,45125.85,,
"American Panel AP7BCF70-2-C 59"" W HURRiCHiLL Blast Chiller/Shock Freezer - 1.5 HP",American Panel,AP7BCF70-2-C,AP7BCF70-2-C,22198.05,,
"American Panel AP20BC200-2 47.25"" W Roll-In HURRiCHiLL Blast Chiller - 208 Volts",American Panel,AP20BC200-2,AP20BC200-2,35036.20,,
"American Panel AP36BC-3T 60"" W Roll-In HURRiCHiLL Modular Blast Chiller - 208 Volts",American Panel,AP36BC-3T,AP36BC-3T,89019.68,,
"Traulsen TBC2H-8 48.5""W Roll-In Spec-Line Roll-In Blast Chiller with EPICON Control",Traulsen,TBC2H-8,TBC2H-8,163761.34,,
Multiplex TS905050G-263 200 Lbs. Air-Cooled Multiplex 50G Icecore Remote Chiller - 208/230 Volts,Multiplex,TS905050G-263,TS905050G-263,11688.00,,
"American Panel AP20BCF200-3-XL 60"" W Stainless Steel Roll-In Self-Contained HURRiCHiLL Modular Blast Chiller - 208 Volts",American Panel,AP20BCF200-3-XL,AP20BCF200-3-XL,51492.50,,
"Traulsen TBC13-51-LP 41""W Reach-In Spec-Line Reach-in Blast Chiller with EPICON Control",Traulsen,TBC13-51-LP,TBC13-51-LP,57922.92,,
"Piper Products RDMC42T 59.06""W Roll-Thru Shock Freezer/Blast Chiller",Piper Products,RDMC42T,RDMC42T,47450.73,,
"American Panel AP12BCF110-3 32.25"" W Reach-In Blast Chiller / Shock Freezer - 3 HP",American Panel,AP12BCF110-3,AP12BCF110-3,28812.10,,
"Traulsen TBC1H-24 48.5""W Roll-In Spec-Line Blast Chiller",Traulsen,TBC1H-24,TBC1H-24,80882.51,,
"Traulsen TBC1HR-COR01 48.5""W Roll-Thru Spec-Line Roll-thru Blast Chiller with EPICON Control",Traulsen,TBC1HR-COR01,TBC1HR-COR01,93194.64,,
"American Panel AP46BCF-1T 62"" W Roll-In HURRiCHiLL Modular Blast Chiller/Shock Freezer - 208 Volts",American Panel,AP46BCF-1T,AP46BCF-1T,38559.61,,
"Piper Products RCMC42T 59.06""W Roll-Thru Shock Freezer/Blast Chiller",Piper Products,RCMC42T,RCMC42T,49178.35,,
"Randell BC-003UC 27""W Undercounter Blast Chiller",Randell,BC-003UC,BC-003UC,10599.50,,
"Traulsen CLBC4-WT-L 32"" W Stainless Steel Undercounter Centerline By Traulsen Blast Chiller - 115 Volts",Traulsen,CLBC4-WT-L,CLBC4-WT-L,13023.00,,
"Victory HI5-12-200U 43.3""W Reach-In Blast Chiller",Victory,HI5-12-200U,HI5-12-200U,61940.97,,
"Piper Products RCRC02T 47.2""W Blast Chiller",Piper Products,RCRC02T,RCRC02T,30060.25,,
"Piper Products RCRC82T 62.99""W Roll-Thru Blast Chiller",Piper Products,RCRC82T,RCRC82T,78652.63,,
"Traulsen TBC5-58-LP 54""W Spec-Line Undercounter Blast Chiller with EPICON Control",Traulsen,TBC5-58-LP,TBC5-58-LP,36174.11,,
"American Panel AP46BC-2T 64"" W Roll-In HURRiCHiLL Modular Blast Chiller - 208 Volts",American Panel,AP46BC-2T,AP46BC-2T,65543.06,,
"Traulsen TBC5-62-LP 54""W Spec-Line Undercounter Blast Chiller with EPICON Control",Traulsen,TBC5-62-LP,TBC5-62-LP,35532.09,,
"American Panel AP24BC250-3-RHH 54.38"" W Roll-In HURRiCHiLL Blast Chiller - 208 Volts",American Panel,AP24BC250-3-RHH,AP24BC250-3-RHH,44566.08,,
"Beverage Air RBS-054-SA-HC 33.46"" W Stainless Steel Reach-In Blast Chiller or Freezer - 208-240 Volts",Beverage Air,RBS-054-SA-HC,RBS-054-SA-HC,16472.30,,
"Piper Products RDRC42T 59.06""W Roll-Thru Blast Chiller",Piper Products,RDRC42T,RDRC42T,45016.54,,
"Piper Products RCRC83T 59.06""W Roll-Thru Blast Chiller",Piper Products,RCRC83T,RCRC83T,109855.06,,
"Electrolux 727759 55.13""W Roll-Thru (EBFA22RPQ) SkyLine ChillS 202 Blast Chiller/Freezer",Electrolux,727759,727759,54150.80,,
"Traulsen TBC1H-24-LP 48.5""W Roll-In Spec-Line Roll-In Blast Chiller with EPICON Control",Traulsen,TBC1H-24-LP,TBC1H-24-LP,82504.13,,
"Traulsen TBC1HR-COR01-LP 48.5""W Roll-Thru Spec-Line Roll-thru Blast Chiller with EPICON Control",Traulsen,TBC1HR-COR01-LP,TBC1HR-COR01-LP,94815.77,,
"Traulsen TBC1H-34 48.5""W Roll-In Spec-Line Roll-In Blast Chiller with EPICON Control",Traulsen,TBC1H-34,TBC1H-34,83678.76,,
"Piper Products ABM031 22""W Reach-In Shock Freezer/Blast Chiller",Piper Products,ABM031,ABM031,7805.66,,
"Traulsen TBC13-32-LP 41""W Reach-In Spec-Line Reach-in Blast Chiller with EPICON Control",Traulsen,TBC13-32-LP,TBC13-32-LP,56933.91,,
"Traulsen TBC13-52 41""W Reach-In Spec-Line Reach-In Blast Chiller with EPICON Control",Traulsen,TBC13-52,TBC13-52,56298.33,,
"Traulsen TBC13-24-LP 41""W Reach-In Spec-Line Blast Chiller with EPICON Control",Traulsen,TBC13-24-LP,TBC13-24-LP,57558.11,,
"Electrolux 727742 49.19""W Reach-In SkyLine ChillS 102 Blast Chiller/Freezer",Electrolux,727742,727742,34811.15,,
"Piper Products RCMC40T 59.06""W Roll-In Shock Freezer/Blast Chiller",Piper Products,RCMC40T,RCMC40T,43568.35,,
"American Panel AP20BCF200-3-RHH 47.25"" W Roll-In HURRiCHiLL Blast Chiller/Shock Freezer - 2.5 HP",American Panel,AP20BCF200-3-RHH,AP20BCF200-3-RHH,42015.20,,
"Traulsen CLBC4-WT-R 32"" W Stainless Steel Undercounter Centerline By Traulsen Blast Chiller - 115 Volts",Traulsen,CLBC4-WT-R,CLBC4-WT-R,13023.00,,
"Traulsen TBC1H-COR01 48.5""W Roll-In Spec-Line Roll-In Blast Chiller with EPICON Control",Traulsen,TBC1H-COR01,TBC1H-COR01,83284.25,,
"Traulsen TBC5-50 54""W Spec-Line Undercounter Blast Chiller with EPICON Control",Traulsen,TBC5-50,TBC5-50,33909.48,,
"American Panel AP10BCF100-2 29.5"" W Reach-In HURRiCHiLL Blast Chiller/Shock Freezer - 1.5 HP",American Panel,AP10BCF100-2,AP10BCF100-2,20230.83,,
"Piper Products RCM122T 43.31""W Reach-In Shock Freezer/Blast Chiller",Piper Products,RCM122T,RCM122T,33929.35,,
"Omcan USA 46674 44"" W Self-Contained Refrigeration Stainless Steel Reach-In Blast Chiller - 220 Volts",Omcan USA,46674,46674,11784.88,,
"American Panel AP24BC250-3 54.38"" W Roll-In HURRiCHiLL Blast Chiller - 208 Volts",American Panel,AP24BC250-3,AP24BC250-3,38949.39,,
"Traulsen TBC5-52 54""W Spec-Line Undercounter Blast Chiller with EPICON Control",Traulsen,TBC5-52,TBC5-52,33289.74,,
"American Panel AP20BC200-2-RHH 47.25"" W Roll-In HURRiCHiLL Blast Chiller - 208 Volts",American Panel,AP20BC200-2-RHH,AP20BC200-2-RHH,35861.09,,
"Piper Products RDMC40T 59.06""W Roll-In Shock Freezer/Blast Chiller",Piper Products,RDMC40T,RDMC40T,41480.54,,
"Traulsen TBC1H-20 48.5""W Roll-In Spec-Line Blast Chiller with EPICON Control",Traulsen,TBC1H-20,TBC1H-20,80882.51,,
"Electrolux 727760 55.13""W Roll-In SkyLine ChillS 202 Blast Chiller/Freezer",Electrolux,727760,727760,48994.00,,
"Traulsen TBC13-28-LP 41""W Reach-In Spec-Line Reach-in Blast Chiller with EPICON Control",Traulsen,TBC13-28-LP,TBC13-28-LP,57558.11,,
"Traulsen TBC2HR-2-LP 48.5""W Roll-Thru Spec-Line Roll-thru Blast Chiller with EPICON Control",Traulsen,TBC2HR-2-LP,TBC2HR-2-LP,176008.14,,
"Traulsen TBC5-54 54""W Spec-Line Undercounter Blast Chiller with EPICON Control",Traulsen,TBC5-54,TBC5-54,34551.99,,
"Traulsen TBC1HR-1-LP 48.5""W Roll-Thru Spec-Line Roll-thru Blast Chiller with EPICON Control",Traulsen,TBC1HR-1-LP,TBC1HR-1-LP,92415.51,,
"U-Line UCBF432-SS11A 31.5"" W Stainless Steel Reach-In U-Line Commercial Blast Chiller and Freezer - 115 Volts",U-Line,UCBF432-SS11A,UCBF432-SS11A,9908.63,,
Multiplex TS904498G-251 140 Lbs. Water-Cooled Multiplex 44G Icecore Remote Chiller - 230 Volts,Multiplex,TS904498G-251,TS904498G-251,10205.40,,
"American Panel AP20BCF-2T 49"" W Roll-In HURRiCHiLL Modular Blast Chiller/Shock Freezer - 208 Volts",American Panel,AP20BCF-2T,AP20BCF-2T,56851.81,,
"Piper Products RCMC82T 62.99""W Roll-Thru Shock Freezer/Blast Chiller",Piper Products,RCMC82T,RCMC82T,79237.00,,
"American Panel AP26BC-3T 55"" W Roll-In HURRiCHiLL Modular Blast Chiller - 208 Volts",American Panel,AP26BC-3T,AP26BC-3T,87297.43,,
"Piper Products RCRC40T 59.06""W Roll-In Blast Chiller",Piper Products,RCRC40T,RCRC40T,41919.35,,
"American Panel AP26BCF-1T 53"" W Roll-In HURRiCHiLL Modular Blast Chiller/Shock Freezer - 208 Volts",American Panel,AP26BCF-1T,AP26BCF-1T,37774.56,,
"Infrico USA IBC-ABT3 1S 28.38""W Blast Chiller & Shock Freezer",Infrico USA,IBC-ABT3 1S,IBC-ABT31S,9275.00,,
"American Panel AP36BCF-1T 58"" W Roll-In HURRiCHiLL Modular Blast Chiller/Shock Freezer - 208 Volts",American Panel,AP36BCF-1T,AP36BCF-1T,38314.48,,
"Traulsen TBC13-32 41""W Reach-In Spec-Line Reach-in Blast Chiller with EPICON Control",Traulsen,TBC13-32,TBC13-32,55312.79,,
"Traulsen TBC13-50 41""W Reach-In Spec-Line Reach-in Blast Chiller with EPICON Control",Traulsen,TBC13-50,TBC13-50,57013.11,,
"American Panel AP26BC-2T 55"" W Roll-In HURRiCHiLL Modular Blast Chiller - 208 Volts",American Panel,AP26BC-2T,AP26BC-2T,62828.45,,
"American Panel AP36BC-1T 60"" W Roll-In HURRiCHiLL Modular Blast Chiller - 208 Volts",American Panel,AP36BC-1T,AP36BC-1T,38314.48,,
"Piper Products RCR161T 31.1""W Reach-In Blast Chiller",Piper Products,RCR161T,RCR161T,24974.06,,
"Omcan USA 46672 36.6"" W Self-Contained Refrigeration Stainless Steel Reach-In Blast Chiller - 220 Volts",Omcan USA,46672,46672,7972.39,,
"Traulsen TBC1HR-3-LP 48.5""W Roll-Thru Spec-Line Roll-thru Blast Chiller with EPICON Control",Traulsen,TBC1HR-3-LP,TBC1HR-3-LP,92415.51,,
"Electrolux 727738 35.25""W Reach-In (EBFA11Q) SkyLine ChillS 101 Blast Chiller/Freezer",Electrolux,727738,727738,27075.40,,
"Piper Products RDM122S 43.31""W Reach-In Shock Freezer/Blast Chiller",Piper Products,RDM122S,RDM122S,27189.38,,
"Traulsen TBC13-54-LP 41""W Reach-In Spec-Line Reach-in Blast Chiller with EPICON Control",Traulsen,TBC13-54-LP,TBC13-54-LP,58634.73,,
"Traulsen TBC13-36-LP 41""W Reach-In Spec-Line Reach-in Blast Chiller with EPICON Control",Traulsen,TBC13-36-LP,TBC13-36-LP,53693.64,,
"Beverage Air CF031AG 22.05"" W Stainless Steel Countertop Blast Chiller or Freezer - 115-120 Volts",Beverage Air,CF031AG,CF031AG,9066.27,,
"Alto-Shaam QC3-20 57"" W Stainless Steel Quickchiller Blast Chiller - 115 Volts",Alto-Shaam,QC3-20,QC3-20,22809.60,,
"American Panel AP20BCF200-2-RHH 47.25"" W Roll-In HURRiCHiLL Blast Chiller/Shock Freezer - 208 Volts",American Panel,AP20BCF200-2-RHH,AP20BCF200-2-RHH,35861.09,,
"Traulsen TBC13-52-LP 41""W Reach-In Spec-Line Reach-In Blast Chiller with EPICON Control",Traulsen,TBC13-52-LP,TBC13-52-LP,57922.92,,
"Alto-Shaam QC3-3 27"" W Stainless Steel Undercounter Quickhiller Blast Chiller - 115 Volts",Alto-Shaam,QC3-3,QC3-3,12484.00,,
"Piper Products RDRC40T 59.06""W Roll-In Blast Chiller",Piper Products,RDRC40T,RDRC40T,39553.69,,
"Traulsen TBC13-24 41""W Reach-In Spec-Line Blast Chiller with EPICON Control",Traulsen,TBC13-24,TBC13-24,55935.50,,
"Traulsen TBC13-38-LP 41""W Reach-In Spec-Line Reach-in Blast Chiller with EPICON Control",Traulsen,TBC13-38-LP,TBC13-38-LP,53693.64,,
"Piper Products RDRC82T 62.99""W Roll-Thru Blast Chiller",Piper Products,RDRC82T,RDRC82T,77070.04,,
"Piper Products RCRC42T 59.06""W Roll-Thru Blast Chiller",Piper Products,RCRC42T,RCRC42T,47596.29,,
"Traulsen CLBC4-R 28"" W Stainless Steel Undercounter Centerline By Traulsen Blast Chiller - 115 Volts",Traulsen,CLBC4-R,CLBC4-R,12710.00,,
"Traulsen TBC1HR-COR02 48.5""W Roll-Thru Spec-Line Roll-thru Blast Chiller with EPICON Control",Traulsen,TBC1HR-COR02,TBC1HR-COR02,93194.64,,
"Traulsen TBC5-54-LP 54""W Spec-Line Undercounter Blast Chiller with EPICON Control",Traulsen,TBC5-54-LP,TBC5-54-LP,36174.11,,
"Traulsen TBC1HR-1 48.5""W Roll-Thru Spec-Line Roll-thru Blast Chiller with EPICON Control",Traulsen,TBC1HR-1,TBC1HR-1,90793.40,,
"American Panel AP26BCF-2T 53"" W Roll-In HURRiCHiLL Modular Blast Chiller/Shock Freezer - 208 Volts",American Panel,AP26BCF-2T,AP26BCF-2T,62828.45,,
"Traulsen TBC2H-7-LP 48.5""W Roll-In Spec-Line Roll-In Blast Chiller with EPICON Control",Traulsen,TBC2H-7-LP,TBC2H-7-LP,165383.95,,
"American Panel AP24BC250-3-R 54.38"" W Roll-In HURRiCHiLL Blast Chiller - 208 Volts",American Panel,AP24BC250-3-R,AP24BC250-3-R,41181.57,,
"American Panel AP24BCF300-3 54.38"" W Roll-In HURRiCHiLL Blast Chiller/Shock Freezer - 208 Volts",American Panel,AP24BCF300-3,AP24BCF300-3,38949.39,,
"Traulsen CLBC4-L 28"" W Stainless Steel Undercounter Centerline By Traulsen Blast Chiller - 115 Volts",Traulsen,CLBC4-L,CLBC4-L,12710.00,,
"American Panel AP20BCF200-2 47.25"" W Roll-In HURRiCHiLL Blast Chiller/Shock Freezer - 208 Volts",American Panel,AP20BCF200-2,AP20BCF200-2,35036.20,,
"American Panel AP24BCF300-3-RHH 54.38"" W Roll-In HURRiCHiLL Blast Chiller/Shock Freezer - 208 Volts",American Panel,AP24BCF300-3-RHH,AP24BCF300-3-RHH,44566.08,,
"American Panel AP46BCF-2T 64"" W Roll-In HURRiCHiLL Modular Blast Chiller/Shock Freezer - 208 Volts",American Panel,AP46BCF-2T,AP46BCF-2T,65543.06,,
"Piper Products ABM023 22""W Reach-In Shock Freezer/Blast Chiller",Piper Products,ABM023,ABM023,7047.56,,
"American Panel AP46BC-3T 64"" W Roll-In HURRiCHiLL Modular Blast Chiller - 208 Volts",American Panel,AP46BC-3T,AP46BC-3T,90744.43,,
"Traulsen CLBC7-R 34.75"" W Stainless Steel Reach-In Centerline By Traulsen Blast Chiller - 208-230 Volts",Traulsen,CLBC7-R,CLBC7-R,14277.00,,
"Randell BC-918RI 40""W Upright Blast Chiller",Randell,BC-918RI,BC-918RI,23915.50,,
"Traulsen TBC1H-20-LP 48.5""W Roll-In Spec-Line Roll-In Blast Chiller with EPICON Control",Traulsen,TBC1H-20-LP,TBC1H-20-LP,82504.13,,
"Traulsen TBC5-51 54""W Spec-Line Undercounter Blast Chiller with EPICON Control",Traulsen,TBC5-51,TBC5-51,33289.74,,
"Traulsen TBC2H-7 48.5""W Roll-In Spec-Line Roll-In Blast Chiller with EPICON Control",Traulsen,TBC2H-7,TBC2H-7,163761.34,,
"Traulsen TBC13-50-LP 41""W Reach-In Spec-Line Reach-in Blast Chiller with EPICON Control",Traulsen,TBC13-50-LP,TBC13-50-LP,58634.73,,
"American Panel AP36BC-2T 60"" W Roll-In HURRiCHiLL Modular Blast Chiller - 208 Volts",American Panel,AP36BC-2T,AP36BC-2T,63775.70,,
"Traulsen TBC1H-COR01-LP 48.5""W Roll-In Spec-Line Roll-In Blast Chiller with EPICON Control",Traulsen,TBC1H-COR01-LP,TBC1H-COR01-LP,84905.87,,
"American Panel AP3BCF30-1-P 25.5"" W 30 Lbs. Solid State Electronic Control Panel Manual Defrost Stainless Steel HURRiCHiLL Blast Chiller or Shock Freezer - 120 Volts",American Panel,AP3BCF30-1-P,AP3BCF30-1-P,7571.25,,
"Traulsen TBC5-50-LP 54""W Spec-Line Undercounter Blast Chiller with EPICON Control",Traulsen,TBC5-50-LP,TBC5-50-LP,35532.09,,
"U-Line UCBF532-SS12A 31.5"" W Stainless Steel Reach-In U-Line Commercial Blast Chiller and Freezer - 230 Volts",U-Line,UCBF532-SS12A,UCBF532-SS12A,16957.03,,
"Traulsen TBC1H-33 48.5""W Roll-In Spec-Line Roll-In Blast Chiller with EPICON Control",Traulsen,TBC1H-33,TBC1H-33,83678.76,,
"American Panel AP20BC-3T 51"" W Roll-In HURRiCHiLL Modular Blast Chiller - 208 Volts",American Panel,AP20BC-3T,AP20BC-3T,76698.95,,
"American Panel AP46BCF-3T 62"" W Roll-In HURRiCHiLL Modular Blast Chiller/Shock Freezer - 208 Volts",American Panel,AP46BCF-3T,AP46BCF-3T,90744.43,,
"Traulsen TU048QC 48""W Quick Chiller",Traulsen,TU048QC,TU048QC,18262.04,,
"Randell BC-510WT 59""W Undercounter Blast Chiller",Randell,BC-510WT,BC-510WT,18589.00,,
"American Panel AP20BCF-3T 49"" W Roll-In HURRiCHiLL Modular Blast Chiller/Shock Freezer - 208 Volts",American Panel,AP20BCF-3T,AP20BCF-3T,76698.95,,
"American Panel AP7BCF70-2 32.25"" W Reach-In HURRiCHiLL Blast Chiller/Shock Freezer - 1.5 HP",American Panel,AP7BCF70-2,AP7BCF70-2,20990.73,,
"Piper Products RCM054S 33.46""W Reach-In Shock Freezer/Blast Chiller",Piper Products,RCM054S,RCM054S,11368.75,,
Spaceman 6250-C 2 Flavors Floor Model Gravity Fed Soft-Serve Machine - 208-230 Volts,Spaceman,6250-C,6250-C,15190.00,,
"Taylor Company C723 ADA 23.31""W Soft Serve Freezer",Taylor Company,C723 ADA,C723ADA,,,
"Taylor Company C606 25.25""W Soft Serve Freezer",Taylor Company,C606,C606,,,
"Admiral Craft LIIC-1H 17.3"" W 1 Flavor Air-Cooled Lunar Ice Ice Cream Machine - 220 Volts",Admiral Craft,LIIC-1H,LIIC-1H,7365.50,,
Pasmo S930TA2 Stainless Steel Countertop Gravity Fed Optional Heat Pasteurization Soft Serve Machine - 220 Volts,,S930TA2,S930TA2,12787.58,,
Spaceman 6235-C 2 Flavors Countertop Gravity Fed Soft-Serve Machine - 208-230 Volts,Spaceman,6235-C,6235-C,14504.00,,
"Taylor Company C713 25.44""W Soft Serve Freezer",Taylor Company,C713,C713,,,
Spaceman 6235A-C 2 Flavors Countertop Pump Feed Model Soft-Serve Machine - 208-230 Volts,Spaceman,6235A-C,6235A-C,15933.00,,
"Taylor Company C709 18.25""W Soft Serve Freezer",Taylor Company,C709,C709,,,
"Taylor Company C708 18.25""W Soft Serve Freezer",Taylor Company,C708,C708,,,
"Taylor Company 772 26.44""W Soft Serve Freezer",Taylor Company,772,772,,,
"Taylor Company 794 20.44""W Soft Serve Freezer",Taylor Company,794,794,,,
"Taylor Company 8756 26.44""W Soft Serve Freezer",Taylor Company,8756,8756,,,
"Taylor Company 736 15.75""W Soft Serve Freezer",Taylor Company,736,736,,,
"Pasmo S970FA2 20.5"" W Stainless Steel Gravity Fed Soft Serve Machine - 3200 Watts",,S970FA2,S970FA2,19054.61,,
"Taylor Company 703T 16.44""W Soft Serve Freezer",Taylor Company,703T,703T,,,
"Taylor Company C043-DISPENSER 34.13""W Continuous Custard Dispenser",Taylor Company,C043-DISPENSER,C043-DISPENSER,,,
Pasmo S110FA4 3.5 L. Countertop Soft Serve Machine - 100 Volts,,S110FA4,S110FA4,6060.99,,
"Taylor Company C002 26.5""W Continuous Batch Freezer",Taylor Company,C002,C002,,,
Spaceman 6236-C 1 Flavor Countertop Gravity Feed Soft-Serve Machine - 208-230 Volts,Spaceman,6236-C,6236-C,10997.00,,
"Waring WCIC20 13.88""W Ice Cream Maker",Waring,WCIC20,WCIC20,755.00,,
"Taylor Company C717 25.44""W Soft Serve Freezer",Taylor Company,C717,C717,,,
"Taylor Company C707 18.25""W Soft Serve Freezer",Taylor Company,C707,C707,,,
"Pasmo S930FA2 13"" W Stainless Steel Countertop Gravity Fed Air Cooled Soft Serve Machine - 220 Volts",,S930FA2,S930FA2,11789.66,,
"Taylor Company C161 22.13""W Soft Serve Freezer",Taylor Company,C161,C161,,,
"Taylor Company C706 18.25""W Soft Serve Freezer",Taylor Company,C706,C706,,,
Spaceman 6236A-C 1 Flavor Countertop Pump Feed Model Soft-Serve Machine - 208-230 Volts,Spaceman,6236A-C,6236A-C,12147.00,,
"Taylor Company 791 20.44""W Soft Serve Freezer",Taylor Company,791,791,,,
"Pasmo S970FAP2 20.5"" W Stainless Steel Air Pump Soft Serve Machine - 3200 Watts",,S970FAP2,S970FAP2,19632.11,,
"Taylor Company 8756P 26.25""W Soft Serve Freezer",Taylor Company,8756P,8756P,,,
Pasmo S111A2 5 - 9 Qt. Countertop Soft Serve Machine - 220 Volts,,S111A2,S111A2,11708.81,,
"Taylor Company 104 16.44""W Batch Ice Cream Freezer",Taylor Company,104,104,,,
"Alfa International QKRM-1 24.4""W QuickREAM Commercial Ice Cream Machine",Alfa International,QKRM-1,QKRM-1,2832.36,,
Spaceman 6210-C 1 Flavor Compact Countertop Gravity Fed Soft-Serve Machine - 110-115 Volts,Spaceman,6210-C,6210-C,5857.00,,
"Taylor Company C712 25.44""W Soft Serve Freezer",Taylor Company,C712,C712,,,
"Taylor Company 701T 16.44""W Soft Serve Freezer",Taylor Company,701T,701T,,,
"Taylor Company 8752P 20.56""W Soft Serve Freezer",Taylor Company,8752P,8752P,,,
"Pasmo S520FAP2 25"" W Stainless Steel Floor Model Soft Serve Machine - 220 Volts",,S520FAP2,S520FAP2,16152.53,,
"Pasmo S930FAP2 13"" W Stainless Steel Countertop Pressurized Air Cooled Soft Serve Machine - 220 Volts",,S930FAP2,S930FAP2,13037.06,,
Spaceman 6378A-C 2 Flavors Floor Model Pump Feed Soft-Serve Machine - 208-230 Volts,Spaceman,6378A-C,6378A-C,20570.00,,
"Taylor Company C152 17.48""W Soft Serve Freezer",Taylor Company,C152,C152,,,
"Taylor Company 702 18.44""W Soft Serve Freezer",Taylor Company,702,702,,,
"Admiral Craft LIIC-2H 22"" W 2 Flavor Air-Cooled Lunar Ice Ice Cream Machine - 220 Volts",Admiral Craft,LIIC-2H,LIIC-2H,16090.85,,
"Taylor Company 632 26.44""W Soft Serve Freezer",Taylor Company,632,632,,,
"Taylor Company C043-FREEZER 34.13""W Continuous Custard Dispenser",Taylor Company,C043-FREEZER,C043-FREEZER,,,
"Taylor Company 8752 20.63""W Soft Serve Freezer",Taylor Company,8752,8752,,,
"Waring WCIC25 10""W Ice Cream Maker",Waring,WCIC25,WCIC25,949.00,,
"Taylor Company C722 ADA 23.31""W Soft Serve Freezer",Taylor Company,C722 ADA,C722ADA,,,
"Taylor Company C716 25.44""W Soft Serve Freezer",Taylor Company,C716,C716,,,
Spaceman 6378-C 2 Flavors Floor Model Gravity Fed Soft-Serve Machine - 208-230 Volts,Spaceman,6378-C,6378-C,19114.00,,
"Pasmo S230FA2 20.5"" W Stainless Steel Countertop Soft Serve Machine - 220 Volts",,S230FA2,S230FA2,14317.90,,
"Pasmo S930TAP2 15"" W Stainless Steel Air Pump Soft Serve Machine - 1500 Watts",,S930TAP2,S930TAP2,13942.58,,
"Taylor Company C722 23.31""W Soft Serve Freezer",Taylor Company,C722,C722,,,
"Taylor Company C723 23.31""W Soft Serve Freezer",Taylor Company,C723,C723,,,
Spaceman 6250A-C 2 Flavors Floor Model Pump Feed Model Soft-Serve Machine - 208-230 Volts,Spaceman,6250A-C,6250A-C,16374.00,,
"Beverage Air BDC-HC-8 50.4""W Dipping Cabinet Freezer",Beverage Air,BDC-HC-8,BDC-HC-8,4549.40,,
"Glastender FRB-24 24""W Underbar Ice Cream Dipping Cabinet",Glastender,FRB-24,FRB-24,3524.40,,
"Infrico USA IDC-VAR12H FG 51.57""W Gelato Case-Flat Glass",Infrico USA,IDC-VAR12H FG,IDC-VAR12HFG,22148.00,,
"Infrico USA IDC-VAR12H 52.37""W Gelato Case-Curved Glass",Infrico USA,IDC-VAR12H,IDC-VAR12H,22148.00,,
"Infrico USA IDC-VAR15H 64.65""W Gelato Case-Curved Glass",Infrico USA,IDC-VAR15H,IDC-VAR15H,25550.00,,
"Master Bilt DC-2S 31.88""W Ice Cream Dipping Cabinet",Master Bilt,DC-2S,DC-2S,3192.96,,
Randell DCFT-44-SR9 44” W Stainless Steel Hinged Flip-Top Lids Ice Cream Dipping Cabinet – 115 Volts,Randell,DCFT-44-SR9,DCFT-44-SR9,15795.00,,
"Koolmore KM-CGD-8HP 31"" W Stainless Steel Ice Cream Display Cabinet",,KM-CGD-8HP,KM-CGD-8HP,1387.73,,
"Master Bilt DC-6DSE 43""W Ice Cream Dipping Cabinet",Master Bilt,DC-6DSE,DC-6DSE,4814.81,,
"Randell 9552-290 28.38""W Drop-In Freezer/Plate Chiller",Randell,9552-290,9552-290,7026.00,,
Randell DCFT-54-SR11 54” W Stainless Steel Hinged Flip-Top Lids Ice Cream Dipping Cabinet – 115 Volts,Randell,DCFT-54-SR11,DCFT-54-SR11,16572.00,,
"Glastender FRB-36 36""W Underbar Ice Cream Dipping Cabinet",Glastender,FRB-36,FRB-36,4019.95,,
Summit NOVA35PDC 11.7 Cu. Ft. Straight Display Case Dipping Cabinet - 115 Volts,Summit,NOVA35PDC,NOVA35PDC,2346.00,,
"Koolmore KM-ICD-26SD 26"" W Top Sliding Glass Door 4 Tubs Ice Cream Dipping Display Cabinet",,KM-ICD-26SD,KM-ICD-26SD,1167.72,,
"Infrico USA IDC-VAR15H FG 63.86""W Gelato Case-Flat Glass",Infrico USA,IDC-VAR15H FG,IDC-VAR15HFG,25550.00,,
Omcan USA 44588 290 L. Powder Coated Steel Ice Cream Dipping or Display Case - 110 Volts,Omcan USA,44588,44588,4995.13,,
"Glastender DI-FR36-FL 28""W Ice Cream Freezer",Glastender,DI-FR36-FL,DI-FR36-FL,2879.25,,
Randell DCST-44-SR9 44” W Stainless Steel Recessed Sliding Lids Ice Cream Dipping Cabinet – 115 Volts,Randell,DCST-44-SR9,DCST-44-SR9,16182.50,,
"Master Bilt DD-66 69.25""W Ice Cream Dipping/Display Cabinet",Master Bilt,DD-66,DD-66,7451.56,,
"Master Bilt DC-4S 54""W Ice Cream Dipping Cabinet",Master Bilt,DC-4S,DC-4S,3929.26,,
"Glastender FRM-2 24""W Ice Cream Freezer",Glastender,FRM-2,FRM-2,3738.90,,
"Glastender FRA-24 24""W Underbar Ice Cream Dipping Cabinet",Glastender,FRA-24,FRA-24,3419.90,,
Kelvinator KCHDB4 7.4 Cu. Ft. White Slanted Glass Ice Cream Dipping Cabinet - 120 Volts,Kelvinator,KCHDB4,KCHDB4,,,
Randell DCFT-36-SR7 36” W Stainless Steel Hinged Flip-Top Lids Ice Cream Dipping Cabinet – 115 Volts,Randell,DCFT-36-SR7,DCFT-36-SR7,15017.50,,
"Master Bilt DC-10DSE 66.63"" W Stainless Steel Flip Lids Chest Ice Cream Dipping Cabinet",Master Bilt,DC-10DSE,DC-10DSE,6008.81,,
"Master Bilt DC-10D 66.63""W Ice Cream Dipping Cabinet",Master Bilt,DC-10D,DC-10D,5322.26,,
"Master Bilt DC-8D 54""W Ice Cream Dipping Cabinet",Master Bilt,DC-8D,DC-8D,4526.26,,
"Master Bilt DC-4D 30.63""W Ice Cream Dipping Cabinet",Master Bilt,DC-4D,DC-4D,3680.51,,
"Koolmore KM-GDC-49SD-FG 50"" W Top Sliding Glass Door Gelato Dipping Cabinet Display Freezer with Sneeze Guard",,KM-GDC-49SD-FG,KM-GDC-49SD-FG,,,
"Turbo Air TIDC-47W-N 47""W Ice Cream Dipping Cabinet",Turbo Air,TIDC-47W-N,TIDC-47W-N,8914.32,,
"Glastender FRA-36 36""W Underbar Ice Cream Dipping Cabinet",Glastender,FRA-36,FRA-36,3916.00,,
"Koolmore KM-GDC-49SD 50"" W Top Sliding Glass Door Gelato Dipping Cabinet Display Freezer",,KM-GDC-49SD,KM-GDC-49SD,1710.39,,
"Admiral Craft USDP-47 47"" W White U-STAR Ice Cream Dipping Cabinet - 115 Volts",Admiral Craft,USDP-47,USDP-47,2643.72,,
"Master Bilt DD-88LCG 90.25""W Ice Cream Dipping/Display Cabinet",Master Bilt,DD-88LCG,DD-88LCG,11381.81,,
Kelvinator KCHDB8 14.12 Cu. Ft. White Slanted Glass Ice Cream Dipping Cabinet - 120 Volts,Kelvinator,KCHDB8,KCHDB8,,,
"Koolmore KM-ICD-26SD-FG 26"" W Top Sliding Glass Door 4 Tubs Ice Cream Dipping Display Cabinet with Sneeze Guard",,KM-ICD-26SD-FG,KM-ICD-26SD-FG,1357.49,,
"Glastender DI-FR36 24""W Drop-In Ice Cream Freezer - 120 Volts",Glastender,DI-FR36,DI-FR36,2812.70,,
"Delfield N227P 30.5""W Ice Cream Dipping Cabinet/Freezer",Delfield,N227P,N227P,6170.00,,
"SABA SDC-46 47"" W White Slanted Glass Ice Cream Dipping Cabinet - 115 Volts",SABA,SDC-46,SDC-46,3651.97,,
Kelvinator KCHDP10 18.89 Cu. Ft. White Slanted Glass Ice Cream Dipping Cabinet - 120 Volts,Kelvinator,KCHDP10,KCHDP10,,,
Omcan USA 44590 120 L. Powder Coated Steel Ice Cream Dipping or Display Case - 110 Volts,Omcan USA,44590,44590,3806.93,,
